El-lab,El-modarag,Redmi,youssef,Farouk,Ramadan,badra22,STUDBME2,ARC3,CMP_LAB2,CMP_LAB3,STUDBME1,CMP_LAB1,CMP_LAB4,CMP-lab1,ARC1,BMEStudentLab3,STUDBME3,location
-54.0,-100.0,-100.0,-100.0,-100.0,-100.0,-51.0,-57,-100.0,-75.0,-72,-100.0,-100.0,-100,-68.0,-100.0,-100.0,-100.0,12
-100.0,-67.0,-56.0,-100.0,-72.0,-51.0,-100.0,-72,-60.0,-71.0,-72,-100.0,-72.0,-71,-100.0,-100.0,-100.0,-100.0,4
-69.0,-100.0,-61.0,-100.0,-100.0,-100.0,-100.0,-48,-100.0,-54.0,-53,-100.0,-53.0,-53,-100.0,-100.0,-100.0,-100.0,10
-100.0,-71.0,-57.0,-100.0,-100.0,-66.0,-100.0,-55,-100.0,-65.0,-64,-100.0,-66.0,-64,-100.0,-100.0,-100.0,-100.0,7
-72.0,-100.0,-70.0,-100.0,-74.0,-100.0,-100.0,-48,-100.0,-100.0,-100,-100.0,-61.0,-63,-58.0,-100.0,-100.0,-100.0,9
-66.0,-100.0,-100.0,-100.0,-100.0,-100.0,-65.0,-45,-100.0,-100.0,-64,-100.0,-100.0,-100,-100.0,-100.0,-100.0,-100.0,13
-100.0,-100.0,-100.0,-100.0,-51.0,-100.0,-100.0,-53,-100.0,-45.0,-50,-66.0,-50.0,-51,-100.0,-100.0,-100.0,-100.0,11
-100.0,-70.0,-56.0,-100.0,-100.0,-100.0,-100.0,-68,-62.0,-100.0,-67,-100.0,-100.0,-100,-100.0,-100.0,-100.0,-100.0,4
-100.0,-57.0,-64.0,-100.0,-100.0,-53.0,-100.0,-69,-73.0,-68.0,-70,-100.0,-70.0,-68,-100.0,-100.0,-100.0,-100.0,4
-100.0,-100.0,-100.0,-100.0,-100.0,-100.0,-57.0,-54,-100.0,-100.0,-100,-100.0,-100.0,-100,-71.0,-100.0,-100.0,-100.0,13
-100.0,-100.0,-100.0,-100.0,-56.0,-100.0,-100.0,-53,-100.0,-51.0,-100,-100.0,-49.0,-100,-66.0,-100.0,-100.0,-100.0,11
-48.0,-100.0,-79.0,-100.0,-87.0,-100.0,-56.0,-57,-100.0,-73.0,-100,-100.0,-100.0,-100,-100.0,-100.0,-100.0,-100.0,12
-100.0,-100.0,-68.0,-100.0,-100.0,-71.0,-85.0,-56,-81.0,-71.0,-69,-48.0,-72.0,-72,-69.0,-100.0,-100.0,-100.0,7
-65.0,-100.0,-100.0,-100.0,-100.0,-100.0,-100.0,-54,-100.0,-100.0,-72,-100.0,-100.0,-72,-75.0,-100.0,-100.0,-100.0,12
-100.0,-100.0,-100.0,-100.0,-55.0,-100.0,-100.0,-49,-100.0,-48.0,-47,-69.0,-46.0,-48,-71.0,-100.0,-100.0,-78.0,11
-100.0,-100.0,-100.0,-100.0,-100.0,-100.0,-100.0,-48,-100.0,-66.0,-66,-100.0,-67.0,-64,-100.0,-100.0,-100.0,-100.0,9
-71.0,-100.0,-100.0,-100.0,-100.0,-100.0,-74.0,-45,-100.0,-63.0,-100,-100.0,-100.0,-100,-61.0,-100.0,-100.0,-100.0,9
-100.0,-100.0,-100.0,-100.0,-100.0,-100.0,-56.0,-49,-100.0,-100.0,-100,-100.0,-100.0,-71,-100.0,-100.0,-100.0,-100.0,13
-100.0,-100.0,-100.0,-100.0,-54.0,-100.0,-100.0,-51,-100.0,-59.0,-100,-100.0,-61.0,-55,-68.0,-100.0,-100.0,-100.0,11
-68.0,-100.0,-60.0,-100.0,-100.0,-100.0,-100.0,-46,-100.0,-56.0,-100,-100.0,-100.0,-51,-68.0,-100.0,-100.0,-100.0,10
-100.0,-63.0,-60.0,-100.0,-100.0,-47.0,-100.0,-71,-59.0,-79.0,-78,-100.0,-100.0,-100,-100.0,-100.0,-100.0,-100.0,4
-100.0,-100.0,-100.0,-100.0,-52.0,-100.0,-100.0,-56,-100.0,-49.0,-47,-100.0,-52.0,-49,-71.0,-100.0,-100.0,-100.0,11
-55.0,-100.0,-100.0,-100.0,-100.0,-100.0,-60.0,-65,-100.0,-100.0,-100,-100.0,-100.0,-76,-100.0,-100.0,-100.0,-100.0,12
-100.0,-67.0,-66.0,-100.0,-100.0,-59.0,-100.0,-68,-100.0,-100.0,-100,-47.0,-76.0,-74,-100.0,-100.0,-100.0,-100.0,4
-100.0,-100.0,-60.0,-100.0,-100.0,-69.0,-100.0,-51,-100.0,-100.0,-100,-52.0,-60.0,-64,-79.0,-100.0,-100.0,-100.0,7
-100.0,-59.0,-74.0,-100.0,-78.0,-64.0,-100.0,-59,-70.0,-100.0,-100,-100.0,-78.0,-78,-100.0,-83.0,-100.0,-100.0,4
-100.0,-100.0,-100.0,-100.0,-49.0,-100.0,-100.0,-47,-100.0,-45.0,-45,-100.0,-44.0,-45,-100.0,-100.0,-100.0,-100.0,11
-100.0,-100.0,-57.0,-100.0,-53.0,-100.0,-100.0,-54,-100.0,-48.0,-49,-100.0,-50.0,-49,-100.0,-100.0,-100.0,-74.0,10
-75.0,-100.0,-65.0,-100.0,-63.0,-100.0,-100.0,-46,-100.0,-54.0,-57,-100.0,-56.0,-100,-66.0,-100.0,-100.0,-100.0,10
-100.0,-66.0,-50.0,-100.0,-100.0,-55.0,-84.0,-61,-100.0,-68.0,-72,-45.0,-73.0,-71,-100.0,-100.0,-100.0,-100.0,4
-57.0,-100.0,-68.0,-100.0,-100.0,-100.0,-66.0,-45,-100.0,-100.0,-74,-100.0,-100.0,-100,-100.0,-100.0,-100.0,-100.0,13
-92.0,-82.0,-75.0,-100.0,-100.0,-100.0,-100.0,-71,-90.0,-82.0,-86,-100.0,-100.0,-100,-100.0,-100.0,-100.0,-100.0,6
-100.0,-100.0,-66.0,-100.0,-100.0,-100.0,-100.0,-51,-100.0,-100.0,-60,-49.0,-62.0,-62,-71.0,-100.0,-100.0,-100.0,7
-100.0,-78.0,-78.0,-100.0,-100.0,-100.0,-100.0,-69,-84.0,-76.0,-76,-71.0,-79.0,-77,-100.0,-100.0,-100.0,-100.0,6
-62.0,-100.0,-100.0,-100.0,-100.0,-100.0,-57.0,-58,-100.0,-100.0,-100,-100.0,-100.0,-100,-100.0,-100.0,-100.0,-100.0,12
-100.0,-100.0,-100.0,-100.0,-100.0,-100.0,-100.0,-70,-85.0,-82.0,-100,-70.0,-84.0,-83,-100.0,-100.0,-100.0,-100.0,6
-100.0,-100.0,-100.0,-100.0,-100.0,-100.0,-59.0,-57,-100.0,-100.0,-100,-100.0,-100.0,-71,-100.0,-100.0,-100.0,-100.0,13
-100.0,-71.0,-66.0,-100.0,-100.0,-100.0,-100.0,-60,-100.0,-72.0,-75,-100.0,-84.0,-71,-100.0,-100.0,-100.0,-100.0,7
-100.0,-74.0,-62.0,-100.0,-100.0,-57.0,-100.0,-65,-100.0,-75.0,-74,-100.0,-100.0,-75,-100.0,-100.0,-100.0,-100.0,4
-100.0,-71.0,-69.0,-100.0,-100.0,-100.0,-100.0,-63,-100.0,-73.0,-71,-59.0,-73.0,-70,-100.0,-100.0,-100.0,-100.0,7
-45.0,-100.0,-68.0,-100.0,-100.0,-100.0,-100.0,-57,-100.0,-74.0,-70,-100.0,-100.0,-72,-100.0,-100.0,-100.0,-100.0,12
-100.0,-82.0,-100.0,-100.0,-100.0,-100.0,-100.0,-78,-100.0,-100.0,-82,-100.0,-100.0,-82,-100.0,-100.0,-100.0,-100.0,6
-100.0,-100.0,-100.0,-100.0,-59.0,-100.0,-100.0,-55,-100.0,-100.0,-100,-100.0,-49.0,-50,-100.0,-100.0,-100.0,-100.0,10
-54.0,-100.0,-100.0,-100.0,-100.0,-100.0,-63.0,-49,-100.0,-100.0,-100,-100.0,-73.0,-73,-100.0,-100.0,-100.0,-100.0,13
-100.0,-81.0,-100.0,-100.0,-100.0,-100.0,-100.0,-81,-100.0,-100.0,-100,-100.0,-77.0,-100,-100.0,-100.0,-100.0,-100.0,6
-100.0,-100.0,-69.0,-100.0,-58.0,-100.0,-100.0,-50,-100.0,-51.0,-51,-100.0,-52.0,-52,-71.0,-100.0,-87.0,-100.0,10
-100.0,-100.0,-100.0,-100.0,-100.0,-100.0,-100.0,-61,-100.0,-47.0,-45,-100.0,-45.0,-45,-71.0,-100.0,-100.0,-77.0,10
-100.0,-65.0,-64.0,-100.0,-100.0,-54.0,-100.0,-67,-100.0,-100.0,-76,-44.0,-100.0,-100,-100.0,-100.0,-100.0,-100.0,4
-100.0,-100.0,-64.0,-100.0,-58.0,-100.0,-100.0,-48,-100.0,-59.0,-61,-100.0,-60.0,-59,-100.0,-100.0,-100.0,-100.0,10
-100.0,-100.0,-100.0,-100.0,-100.0,-100.0,-80.0,-48,-100.0,-63.0,-100,-100.0,-62.0,-100,-64.0,-100.0,-100.0,-100.0,9
-100.0,-100.0,-100.0,-100.0,-49.0,-100.0,-100.0,-61,-100.0,-100.0,-46,-71.0,-47.0,-48,-67.0,-100.0,-100.0,-100.0,11
-77.0,-100.0,-55.0,-100.0,-100.0,-64.0,-100.0,-53,-100.0,-100.0,-67,-100.0,-66.0,-100,-69.0,-100.0,-100.0,-100.0,7
-100.0,-82.0,-100.0,-100.0,-100.0,-100.0,-100.0,-80,-100.0,-100.0,-100,-100.0,-86.0,-85,-100.0,-100.0,-100.0,-100.0,6
-100.0,-69.0,-64.0,-100.0,-100.0,-58.0,-100.0,-65,-100.0,-100.0,-100,-100.0,-70.0,-68,-100.0,-100.0,-100.0,-100.0,4
-100.0,-100.0,-100.0,-100.0,-100.0,-100.0,-53.0,-58,-100.0,-100.0,-100,-100.0,-100.0,-100,-100.0,-100.0,-100.0,-100.0,12
-100.0,-70.0,-62.0,-100.0,-100.0,-100.0,-100.0,-59,-71.0,-72.0,-68,-56.0,-100.0,-100,-100.0,-100.0,-100.0,-100.0,7
-65.0,-100.0,-76.0,-100.0,-100.0,-100.0,-59.0,-54,-100.0,-79.0,-76,-100.0,-100.0,-77,-72.0,-100.0,-100.0,-100.0,12
-100.0,-100.0,-100.0,-100.0,-58.0,-100.0,-100.0,-49,-100.0,-44.0,-45,-100.0,-46.0,-45,-100.0,-100.0,-100.0,-73.0,11
-54.0,-100.0,-100.0,-100.0,-100.0,-100.0,-66.0,-54,-100.0,-76.0,-76,-100.0,-100.0,-73,-100.0,-100.0,-100.0,-100.0,12
-100.0,-76.0,-100.0,-100.0,-100.0,-100.0,-100.0,-71,-100.0,-100.0,-80,-64.0,-100.0,-100,-100.0,-100.0,-100.0,-100.0,6
-70.0,-100.0,-61.0,-100.0,-100.0,-100.0,-100.0,-46,-100.0,-55.0,-55,-63.0,-53.0,-54,-64.0,-100.0,-100.0,-100.0,10
-100.0,-76.0,-67.0,-100.0,-100.0,-68.0,-100.0,-58,-100.0,-100.0,-100,-48.0,-71.0,-100,-100.0,-100.0,-100.0,-100.0,7
-100.0,-67.0,-55.0,-100.0,-100.0,-73.0,-100.0,-65,-100.0,-100.0,-100,-58.0,-100.0,-66,-68.0,-100.0,-100.0,-100.0,7
-100.0,-72.0,-64.0,-100.0,-100.0,-80.0,-100.0,-60,-100.0,-73.0,-100,-100.0,-73.0,-100,-100.0,-100.0,-100.0,-100.0,7
-73.0,-100.0,-66.0,-100.0,-74.0,-100.0,-100.0,-48,-100.0,-66.0,-67,-100.0,-67.0,-67,-72.0,-100.0,-100.0,-100.0,9
-100.0,-71.0,-71.0,-100.0,-100.0,-100.0,-100.0,-67,-80.0,-73.0,-72,-60.0,-72.0,-71,-100.0,-100.0,-100.0,-100.0,6
-100.0,-100.0,-67.0,-100.0,-55.0,-100.0,-100.0,-55,-100.0,-55.0,-54,-100.0,-55.0,-54,-68.0,-100.0,-100.0,-100.0,10
-100.0,-100.0,-100.0,-100.0,-78.0,-100.0,-100.0,-48,-100.0,-100.0,-65,-100.0,-64.0,-64,-61.0,-100.0,-100.0,-100.0,9
-100.0,-62.0,-67.0,-100.0,-100.0,-56.0,-100.0,-57,-100.0,-72.0,-100,-100.0,-100.0,-100,-100.0,-100.0,-100.0,-100.0,4
-46.0,-100.0,-100.0,-100.0,-100.0,-100.0,-50.0,-68,-100.0,-100.0,-69,-100.0,-100.0,-100,-100.0,-100.0,-100.0,-100.0,12
-48.0,-100.0,-100.0,-100.0,-100.0,-100.0,-55.0,-62,-100.0,-81.0,-79,-100.0,-100.0,-100,-100.0,-100.0,-100.0,-100.0,12
-68.0,-100.0,-54.0,-100.0,-66.0,-100.0,-100.0,-51,-100.0,-55.0,-54,-100.0,-55.0,-54,-100.0,-100.0,-100.0,-91.0,10
-100.0,-79.0,-86.0,-100.0,-100.0,-100.0,-100.0,-79,-89.0,-100.0,-82,-100.0,-100.0,-86,-100.0,-100.0,-100.0,-100.0,6
-72.0,-100.0,-81.0,-100.0,-100.0,-100.0,-100.0,-56,-100.0,-50.0,-51,-100.0,-50.0,-53,-65.0,-100.0,-100.0,-100.0,10
-100.0,-100.0,-69.0,-100.0,-70.0,-100.0,-74.0,-51,-100.0,-100.0,-52,-100.0,-100.0,-100,-57.0,-100.0,-100.0,-100.0,9
-100.0,-100.0,-100.0,-100.0,-57.0,-100.0,-100.0,-50,-100.0,-49.0,-47,-100.0,-47.0,-47,-100.0,-100.0,-100.0,-100.0,11
-60.0,-100.0,-100.0,-100.0,-100.0,-100.0,-64.0,-47,-100.0,-100.0,-100,-100.0,-67.0,-70,-72.0,-100.0,-100.0,-100.0,13
-100.0,-62.0,-72.0,-100.0,-71.0,-58.0,-100.0,-63,-100.0,-100.0,-100,-100.0,-100.0,-100,-100.0,-100.0,-100.0,-100.0,4
-100.0,-100.0,-100.0,-100.0,-100.0,-100.0,-51.0,-49,-100.0,-100.0,-68,-100.0,-100.0,-69,-77.0,-100.0,-100.0,-100.0,13
-100.0,-64.0,-52.0,-100.0,-100.0,-53.0,-100.0,-62,-72.0,-100.0,-72,-46.0,-100.0,-100,-100.0,-100.0,-100.0,-100.0,4
-100.0,-100.0,-100.0,-100.0,-100.0,-100.0,-100.0,-66,-100.0,-76.0,-78,-61.0,-76.0,-100,-100.0,-100.0,-100.0,-100.0,6
-56.0,-100.0,-100.0,-100.0,-100.0,-100.0,-60.0,-49,-100.0,-100.0,-66,-100.0,-100.0,-100,-100.0,-100.0,-100.0,-100.0,13
-100.0,-100.0,-100.0,-100.0,-100.0,-100.0,-47.0,-51,-100.0,-100.0,-73,-100.0,-100.0,-100,-100.0,-100.0,-100.0,-100.0,12
-100.0,-100.0,-59.0,-100.0,-54.0,-100.0,-100.0,-51,-100.0,-100.0,-48,-57.0,-100.0,-51,-64.0,-100.0,-100.0,-81.0,10
-100.0,-100.0,-71.0,-100.0,-100.0,-100.0,-74.0,-47,-100.0,-100.0,-100,-100.0,-56.0,-100,-63.0,-100.0,-100.0,-100.0,9
-78.0,-100.0,-70.0,-100.0,-75.0,-100.0,-100.0,-50,-100.0,-100.0,-100,-100.0,-100.0,-100,-100.0,-100.0,-100.0,-100.0,9
-100.0,-100.0,-100.0,-100.0,-51.0,-100.0,-100.0,-47,-100.0,-46.0,-47,-100.0,-52.0,-51,-64.0,-100.0,-100.0,-76.0,11
-100.0,-62.0,-48.0,-100.0,-100.0,-48.0,-90.0,-68,-100.0,-77.0,-100,-33.0,-78.0,-100,-100.0,-79.0,-100.0,-100.0,4
-100.0,-100.0,-100.0,-100.0,-50.0,-100.0,-100.0,-50,-100.0,-79.0,-47,-100.0,-46.0,-47,-81.0,-100.0,-100.0,-100.0,11
-59.0,-100.0,-100.0,-100.0,-100.0,-100.0,-58.0,-57,-100.0,-100.0,-100,-100.0,-100.0,-100,-74.0,-100.0,-100.0,-100.0,13
-100.0,-75.0,-56.0,-100.0,-100.0,-72.0,-100.0,-58,-71.0,-100.0,-100,-100.0,-70.0,-73,-70.0,-100.0,-100.0,-100.0,7
-100.0,-100.0,-70.0,-100.0,-100.0,-100.0,-100.0,-48,-100.0,-100.0,-54,-100.0,-100.0,-57,-61.0,-100.0,-100.0,-100.0,9
-100.0,-100.0,-68.0,-100.0,-60.0,-100.0,-100.0,-47,-100.0,-100.0,-53,-100.0,-100.0,-52,-65.0,-100.0,-100.0,-100.0,10
-79.0,-100.0,-76.0,-100.0,-78.0,-100.0,-100.0,-50,-100.0,-57.0,-60,-100.0,-60.0,-59,-63.0,-100.0,-100.0,-100.0,9
-50.0,-100.0,-70.0,-100.0,-100.0,-100.0,-57.0,-56,-100.0,-100.0,-70,-100.0,-100.0,-71,-76.0,-100.0,-100.0,-100.0,13
-100.0,-100.0,-100.0,-100.0,-100.0,-100.0,-100.0,-78,-82.0,-86.0,-85,-75.0,-80.0,-100,-100.0,-100.0,-100.0,-100.0,6
-100.0,-73.0,-60.0,-100.0,-100.0,-72.0,-100.0,-51,-76.0,-68.0,-67,-100.0,-100.0,-100,-100.0,-100.0,-100.0,-100.0,7
-100.0,-72.0,-58.0,-100.0,-100.0,-66.0,-100.0,-60,-69.0,-100.0,-66,-62.0,-67.0,-80,-100.0,-100.0,-100.0,-100.0,7
-100.0,-59.0,-100.0,-100.0,-100.0,-63.0,-100.0,-70,-100.0,-79.0,-77,-53.0,-100.0,-73,-100.0,-100.0,-100.0,-100.0,4
-100.0,-100.0,-100.0,-100.0,-64.0,-100.0,-100.0,-53,-100.0,-48.0,-48,-100.0,-49.0,-52,-100.0,-100.0,-100.0,-73.0,11
-100.0,-76.0,-72.0,-100.0,-100.0,-100.0,-100.0,-75,-100.0,-74.0,-75,-100.0,-100.0,-72,-100.0,-100.0,-100.0,-100.0,6
-100.0,-69.0,-62.0,-100.0,-100.0,-69.0,-100.0,-56,-100.0,-67.0,-68,-100.0,-66.0,-67,-100.0,-100.0,-100.0,-100.0,7
-77.0,-72.0,-65.0,-100.0,-100.0,-100.0,-100.0,-54,-100.0,-68.0,-68,-100.0,-67.0,-67,-77.0,-100.0,-100.0,-100.0,7
-49.0,-100.0,-100.0,-100.0,-100.0,-100.0,-53.0,-55,-100.0,-73.0,-100,-100.0,-100.0,-100,-72.0,-100.0,-100.0,-100.0,12
-100.0,-100.0,-100.0,-100.0,-58.0,-100.0,-100.0,-48,-100.0,-52.0,-49,-100.0,-100.0,-100,-100.0,-100.0,-100.0,-100.0,11
-100.0,-70.0,-100.0,-100.0,-100.0,-100.0,-100.0,-66,-75.0,-73.0,-75,-66.0,-100.0,-100,-100.0,-100.0,-100.0,-100.0,6
-54.0,-100.0,-100.0,-100.0,-100.0,-100.0,-46.0,-52,-100.0,-73.0,-70,-100.0,-100.0,-69,-74.0,-100.0,-100.0,-100.0,12
-100.0,-100.0,-69.0,-100.0,-100.0,-100.0,-100.0,-70,-100.0,-100.0,-72,-61.0,-100.0,-74,-78.0,-100.0,-100.0,-100.0,6
-100.0,-100.0,-100.0,-100.0,-53.0,-100.0,-100.0,-54,-100.0,-50.0,-49,-65.0,-50.0,-49,-100.0,-100.0,-100.0,-82.0,11
-72.0,-100.0,-71.0,-100.0,-73.0,-100.0,-100.0,-46,-100.0,-100.0,-100,-100.0,-57.0,-100,-64.0,-100.0,-100.0,-100.0,9
-62.0,-100.0,-100.0,-100.0,-100.0,-100.0,-58.0,-56,-100.0,-100.0,-100,-100.0,-100.0,-77,-100.0,-100.0,-100.0,-100.0,12
-100.0,-100.0,-63.0,-100.0,-100.0,-61.0,-100.0,-64,-64.0,-100.0,-100,-41.0,-72.0,-74,-100.0,-100.0,-100.0,-100.0,4
-73.0,-100.0,-100.0,-100.0,-100.0,-100.0,-73.0,-56,-100.0,-58.0,-56,-100.0,-100.0,-100,-60.0,-100.0,-100.0,-100.0,9
-100.0,-100.0,-100.0,-100.0,-46.0,-100.0,-100.0,-45,-100.0,-45.0,-47,-100.0,-44.0,-45,-70.0,-100.0,-100.0,-76.0,11
-100.0,-100.0,-81.0,-100.0,-100.0,-100.0,-100.0,-49,-100.0,-60.0,-62,-100.0,-61.0,-60,-69.0,-100.0,-100.0,-100.0,9
-71.0,-100.0,-60.0,-100.0,-62.0,-100.0,-100.0,-48,-100.0,-51.0,-100,-100.0,-52.0,-100,-68.0,-100.0,-100.0,-78.0,10
-68.0,-100.0,-100.0,-100.0,-67.0,-100.0,-100.0,-44,-100.0,-50.0,-50,-100.0,-49.0,-49,-65.0,-100.0,-100.0,-100.0,10
-54.0,-100.0,-100.0,-100.0,-100.0,-100.0,-54.0,-50,-100.0,-73.0,-71,-100.0,-100.0,-73,-100.0,-100.0,-100.0,-100.0,12
-50.0,-100.0,-100.0,-100.0,-100.0,-100.0,-56.0,-62,-100.0,-100.0,-100,-100.0,-100.0,-74,-75.0,-100.0,-100.0,-100.0,12
-100.0,-70.0,-61.0,-100.0,-100.0,-100.0,-100.0,-63,-100.0,-100.0,-100,-100.0,-100.0,-67,-73.0,-100.0,-100.0,-100.0,7
-100.0,-100.0,-100.0,-100.0,-100.0,-100.0,-77.0,-51,-100.0,-55.0,-59,-100.0,-100.0,-100,-100.0,-100.0,-100.0,-100.0,9
-100.0,-100.0,-100.0,-100.0,-50.0,-100.0,-100.0,-57,-100.0,-48.0,-48,-100.0,-51.0,-47,-100.0,-100.0,-100.0,-100.0,11
-100.0,-64.0,-70.0,-100.0,-100.0,-51.0,-100.0,-69,-59.0,-100.0,-100,-100.0,-100.0,-100,-100.0,-100.0,-100.0,-100.0,4
-100.0,-100.0,-100.0,-100.0,-47.0,-100.0,-100.0,-49,-100.0,-52.0,-100,-100.0,-52.0,-44,-100.0,-100.0,-100.0,-73.0,11
-66.0,-100.0,-59.0,-100.0,-100.0,-100.0,-66.0,-46,-100.0,-100.0,-100,-100.0,-100.0,-100,-72.0,-100.0,-100.0,-100.0,13
-100.0,-72.0,-71.0,-100.0,-100.0,-68.0,-100.0,-57,-71.0,-69.0,-70,-100.0,-68.0,-68,-100.0,-100.0,-100.0,-100.0,7
-100.0,-65.0,-68.0,-100.0,-100.0,-50.0,-100.0,-72,-100.0,-100.0,-100,-100.0,-100.0,-100,-100.0,-100.0,-100.0,-100.0,4
-100.0,-100.0,-63.0,-100.0,-100.0,-100.0,-64.0,-57,-100.0,-100.0,-100,-100.0,-100.0,-75,-68.0,-100.0,-100.0,-100.0,13
-100.0,-100.0,-79.0,-100.0,-100.0,-100.0,-100.0,-87,-87.0,-85.0,-83,-100.0,-84.0,-100,-100.0,-100.0,-100.0,-100.0,6
-100.0,-100.0,-100.0,-100.0,-78.0,-100.0,-74.0,-51,-100.0,-59.0,-66,-100.0,-62.0,-60,-61.0,-100.0,-100.0,-100.0,9
-100.0,-100.0,-100.0,-100.0,-100.0,-100.0,-100.0,-53,-100.0,-60.0,-60,-100.0,-60.0,-61,-100.0,-100.0,-100.0,-100.0,9
-100.0,-100.0,-68.0,-100.0,-100.0,-100.0,-56.0,-58,-100.0,-100.0,-100,-100.0,-100.0,-100,-100.0,-100.0,-100.0,-100.0,13
-100.0,-76.0,-71.0,-100.0,-100.0,-67.0,-100.0,-66,-69.0,-73.0,-74,-46.0,-74.0,-73,-100.0,-100.0,-100.0,-100.0,7
-100.0,-100.0,-100.0,-100.0,-51.0,-100.0,-100.0,-47,-100.0,-51.0,-47,-100.0,-100.0,-100,-100.0,-100.0,-100.0,-80.0,10
-100.0,-100.0,-61.0,-100.0,-100.0,-100.0,-74.0,-48,-100.0,-100.0,-100,-100.0,-63.0,-100,-65.0,-100.0,-100.0,-100.0,9
-50.0,-100.0,-100.0,-100.0,-79.0,-100.0,-50.0,-56,-100.0,-100.0,-100,-100.0,-100.0,-100,-100.0,-100.0,-100.0,-100.0,12
-70.0,-100.0,-58.0,-100.0,-72.0,-100.0,-100.0,-52,-100.0,-100.0,-100,-100.0,-100.0,-100,-55.0,-100.0,-100.0,-100.0,9
-75.0,-100.0,-57.0,-100.0,-66.0,-100.0,-100.0,-52,-100.0,-100.0,-62,-100.0,-100.0,-61,-74.0,-100.0,-100.0,-100.0,10
-100.0,-66.0,-49.0,-100.0,-100.0,-49.0,-100.0,-62,-65.0,-68.0,-100,-34.0,-69.0,-100,-100.0,-100.0,-100.0,-100.0,4
-100.0,-71.0,-60.0,-100.0,-100.0,-100.0,-100.0,-63,-67.0,-72.0,-72,-40.0,-100.0,-100,-100.0,-84.0,-100.0,-100.0,4
-79.0,-71.0,-66.0,-100.0,-100.0,-100.0,-79.0,-62,-100.0,-100.0,-72,-100.0,-71.0,-100,-72.0,-100.0,-100.0,-100.0,6
-87.0,-100.0,-80.0,-100.0,-75.0,-100.0,-100.0,-56,-100.0,-56.0,-54,-100.0,-59.0,-57,-55.0,-100.0,-100.0,-100.0,9
-54.0,-100.0,-100.0,-100.0,-100.0,-100.0,-53.0,-62,-100.0,-78.0,-100,-100.0,-100.0,-100,-70.0,-100.0,-100.0,-100.0,12
-100.0,-100.0,-68.0,-100.0,-100.0,-100.0,-100.0,-62,-100.0,-100.0,-71,-55.0,-72.0,-100,-84.0,-100.0,-100.0,-100.0,7
-100.0,-80.0,-75.0,-100.0,-100.0,-100.0,-100.0,-67,-78.0,-76.0,-100,-67.0,-77.0,-71,-77.0,-100.0,-100.0,-100.0,6
-74.0,-100.0,-71.0,-100.0,-78.0,-100.0,-100.0,-51,-100.0,-100.0,-61,-100.0,-100.0,-58,-59.0,-100.0,-100.0,-100.0,9
-100.0,-100.0,-100.0,-100.0,-100.0,-100.0,-100.0,-61,-100.0,-58.0,-61,-100.0,-58.0,-61,-62.0,-100.0,-100.0,-100.0,9
-64.0,-100.0,-100.0,-100.0,-100.0,-100.0,-57.0,-50,-100.0,-100.0,-72,-100.0,-100.0,-100,-100.0,-100.0,-100.0,-100.0,13
-65.0,-100.0,-100.0,-100.0,-100.0,-100.0,-57.0,-49,-100.0,-100.0,-100,-100.0,-69.0,-100,-100.0,-100.0,-100.0,-100.0,13
-100.0,-100.0,-68.0,-100.0,-100.0,-100.0,-56.0,-48,-100.0,-100.0,-100,-100.0,-100.0,-100,-100.0,-100.0,-100.0,-100.0,13
-100.0,-100.0,-78.0,-100.0,-71.0,-100.0,-100.0,-45,-100.0,-50.0,-100,-100.0,-52.0,-100,-59.0,-100.0,-100.0,-100.0,9
-100.0,-67.0,-53.0,-100.0,-100.0,-48.0,-100.0,-73,-100.0,-100.0,-100,-100.0,-77.0,-74,-100.0,-100.0,-100.0,-100.0,4
-100.0,-100.0,-100.0,-100.0,-100.0,-48.0,-100.0,-72,-100.0,-71.0,-100,-41.0,-73.0,-100,-100.0,-100.0,-100.0,-100.0,4
-100.0,-100.0,-100.0,-100.0,-100.0,-100.0,-100.0,-48,-100.0,-52.0,-51,-100.0,-100.0,-54,-60.0,-100.0,-100.0,-100.0,9
-100.0,-100.0,-65.0,-100.0,-100.0,-100.0,-57.0,-45,-100.0,-100.0,-100,-100.0,-100.0,-100,-59.0,-100.0,-100.0,-100.0,13
-74.0,-100.0,-60.0,-100.0,-60.0,-100.0,-100.0,-44,-100.0,-51.0,-52,-64.0,-53.0,-53,-100.0,-100.0,-100.0,-100.0,10
-100.0,-100.0,-85.0,-100.0,-100.0,-100.0,-100.0,-70,-100.0,-100.0,-81,-100.0,-100.0,-80,-100.0,-100.0,-100.0,-100.0,6
-61.0,-100.0,-72.0,-100.0,-100.0,-100.0,-53.0,-57,-100.0,-100.0,-100,-100.0,-100.0,-100,-71.0,-100.0,-100.0,-100.0,12
-100.0,-73.0,-71.0,-100.0,-100.0,-100.0,-100.0,-63,-100.0,-100.0,-100,-100.0,-69.0,-100,-100.0,-100.0,-100.0,-100.0,6
-100.0,-100.0,-69.0,-100.0,-76.0,-100.0,-100.0,-50,-100.0,-100.0,-100,-100.0,-58.0,-100,-63.0,-100.0,-100.0,-100.0,9
-100.0,-100.0,-64.0,-100.0,-100.0,-100.0,-100.0,-64,-100.0,-74.0,-73,-100.0,-73.0,-76,-100.0,-100.0,-100.0,-100.0,7
-100.0,-100.0,-61.0,-100.0,-66.0,-100.0,-100.0,-52,-100.0,-100.0,-100,-100.0,-47.0,-100,-100.0,-100.0,-100.0,-100.0,10
-68.0,-100.0,-53.0,-100.0,-100.0,-100.0,-100.0,-47,-100.0,-100.0,-52,-59.0,-100.0,-100,-63.0,-100.0,-100.0,-100.0,10
-100.0,-100.0,-100.0,-100.0,-56.0,-100.0,-100.0,-48,-100.0,-54.0,-100,-100.0,-51.0,-100,-68.0,-100.0,-100.0,-70.0,11
-100.0,-77.0,-54.0,-100.0,-100.0,-73.0,-100.0,-53,-100.0,-72.0,-69,-51.0,-71.0,-70,-72.0,-100.0,-100.0,-100.0,7
-100.0,-69.0,-61.0,-100.0,-100.0,-100.0,-87.0,-66,-100.0,-100.0,-100,-100.0,-100.0,-100,-100.0,-100.0,-100.0,-100.0,7
-100.0,-100.0,-100.0,-100.0,-56.0,-100.0,-100.0,-49,-100.0,-44.0,-45,-60.0,-46.0,-45,-73.0,-100.0,-100.0,-100.0,11
-100.0,-100.0,-71.0,-100.0,-100.0,-100.0,-100.0,-50,-100.0,-60.0,-61,-100.0,-62.0,-63,-100.0,-100.0,-100.0,-100.0,9
-100.0,-62.0,-58.0,-100.0,-100.0,-52.0,-100.0,-68,-62.0,-72.0,-72,-100.0,-72.0,-100,-100.0,-100.0,-100.0,-100.0,4
-100.0,-84.0,-80.0,-100.0,-100.0,-100.0,-100.0,-87,-100.0,-100.0,-100,-100.0,-85.0,-100,-100.0,-100.0,-100.0,-100.0,6
-100.0,-100.0,-100.0,-100.0,-100.0,-100.0,-100.0,-83,-86.0,-76.0,-100,-75.0,-77.0,-100,-100.0,-100.0,-100.0,-100.0,6
-100.0,-64.0,-66.0,-100.0,-100.0,-64.0,-100.0,-70,-100.0,-73.0,-100,-46.0,-73.0,-100,-100.0,-100.0,-100.0,-100.0,4
-100.0,-100.0,-63.0,-100.0,-64.0,-100.0,-100.0,-46,-100.0,-100.0,-100,-100.0,-57.0,-62,-57.0,-100.0,-100.0,-89.0,10
-100.0,-71.0,-63.0,-100.0,-100.0,-84.0,-100.0,-63,-100.0,-100.0,-73,-53.0,-100.0,-100,-100.0,-100.0,-100.0,-100.0,7
-100.0,-100.0,-100.0,-100.0,-57.0,-100.0,-100.0,-57,-100.0,-51.0,-51,-100.0,-46.0,-47,-100.0,-100.0,-100.0,-100.0,11
-100.0,-100.0,-66.0,-100.0,-100.0,-62.0,-100.0,-51,-100.0,-65.0,-67,-100.0,-67.0,-68,-100.0,-100.0,-100.0,-100.0,7
-100.0,-71.0,-61.0,-100.0,-100.0,-58.0,-78.0,-66,-100.0,-71.0,-74,-100.0,-70.0,-100,-100.0,-100.0,-100.0,-100.0,4
-77.0,-100.0,-64.0,-100.0,-51.0,-100.0,-100.0,-50,-100.0,-51.0,-53,-100.0,-55.0,-49,-69.0,-100.0,-100.0,-100.0,10
-100.0,-100.0,-100.0,-100.0,-53.0,-100.0,-100.0,-49,-100.0,-49.0,-48,-100.0,-47.0,-50,-66.0,-100.0,-100.0,-80.0,11
-100.0,-73.0,-74.0,-100.0,-100.0,-100.0,-100.0,-69,-100.0,-74.0,-100,-100.0,-100.0,-77,-83.0,-100.0,-100.0,-100.0,6
-100.0,-100.0,-61.0,-100.0,-65.0,-100.0,-100.0,-48,-100.0,-54.0,-56,-59.0,-55.0,-55,-100.0,-100.0,-100.0,-100.0,10
-59.0,-100.0,-77.0,-100.0,-100.0,-100.0,-59.0,-58,-100.0,-100.0,-100,-100.0,-100.0,-76,-100.0,-100.0,-100.0,-100.0,12
-100.0,-100.0,-100.0,-100.0,-100.0,-100.0,-100.0,-81,-85.0,-80.0,-77,-100.0,-100.0,-100,-100.0,-100.0,-100.0,-100.0,6
-100.0,-69.0,-73.0,-100.0,-100.0,-46.0,-100.0,-69,-100.0,-100.0,-100,-100.0,-65.0,-68,-74.0,-100.0,-100.0,-100.0,7
-100.0,-67.0,-70.0,-100.0,-100.0,-61.0,-100.0,-58,-77.0,-100.0,-70,-100.0,-100.0,-100,-100.0,-100.0,-100.0,-100.0,4
-100.0,-67.0,-64.0,-100.0,-100.0,-64.0,-100.0,-50,-74.0,-66.0,-65,-100.0,-65.0,-66,-100.0,-100.0,-100.0,-100.0,7
-100.0,-100.0,-61.0,-100.0,-100.0,-100.0,-100.0,-44,-100.0,-100.0,-100,-100.0,-57.0,-58,-61.0,-100.0,-100.0,-100.0,10
-100.0,-100.0,-80.0,-100.0,-100.0,-100.0,-100.0,-78,-82.0,-100.0,-100,-68.0,-100.0,-100,-81.0,-100.0,-100.0,-100.0,6
-66.0,-100.0,-61.0,-100.0,-100.0,-100.0,-100.0,-38,-100.0,-100.0,-78,-100.0,-58.0,-100,-64.0,-100.0,-100.0,-100.0,13
-100.0,-65.0,-56.0,-100.0,-100.0,-52.0,-100.0,-62,-100.0,-77.0,-74,-42.0,-75.0,-76,-100.0,-87.0,-100.0,-100.0,4
-100.0,-100.0,-100.0,-100.0,-100.0,-100.0,-100.0,-76,-100.0,-100.0,-100,-100.0,-100.0,-80,-100.0,-100.0,-100.0,-100.0,6
-54.0,-100.0,-100.0,-100.0,-100.0,-100.0,-68.0,-52,-100.0,-100.0,-100,-100.0,-72.0,-72,-100.0,-100.0,-100.0,-100.0,13
-100.0,-100.0,-100.0,-100.0,-53.0,-100.0,-100.0,-58,-100.0,-52.0,-51,-100.0,-47.0,-51,-71.0,-100.0,-100.0,-100.0,11
-100.0,-100.0,-100.0,-100.0,-53.0,-100.0,-100.0,-54,-100.0,-62.0,-59,-69.0,-57.0,-63,-70.0,-100.0,-100.0,-85.0,11
-49.0,-100.0,-100.0,-100.0,-85.0,-100.0,-48.0,-52,-100.0,-100.0,-69,-100.0,-100.0,-73,-100.0,-100.0,-100.0,-100.0,12
-100.0,-100.0,-69.0,-100.0,-78.0,-100.0,-73.0,-48,-100.0,-70.0,-55,-100.0,-100.0,-54,-63.0,-100.0,-100.0,-100.0,9
-61.0,-100.0,-100.0,-100.0,-100.0,-100.0,-60.0,-47,-100.0,-100.0,-68,-100.0,-100.0,-70,-100.0,-100.0,-100.0,-100.0,13
-56.0,-100.0,-100.0,-100.0,-100.0,-100.0,-48.0,-57,-100.0,-100.0,-100,-100.0,-100.0,-100,-100.0,-100.0,-100.0,-100.0,12
-100.0,-83.0,-100.0,-100.0,-100.0,-100.0,-100.0,-82,-100.0,-100.0,-81,-72.0,-100.0,-100,-100.0,-100.0,-100.0,-100.0,6
-73.0,-100.0,-64.0,-100.0,-59.0,-100.0,-100.0,-49,-100.0,-47.0,-50,-100.0,-100.0,-100,-72.0,-100.0,-100.0,-76.0,10
-71.0,-100.0,-55.0,-100.0,-61.0,-100.0,-100.0,-50,-100.0,-47.0,-49,-100.0,-46.0,-48,-100.0,-100.0,-100.0,-100.0,10
-100.0,-74.0,-71.0,-100.0,-100.0,-100.0,-100.0,-62,-71.0,-100.0,-100,-100.0,-74.0,-100,-100.0,-100.0,-100.0,-100.0,7
-100.0,-75.0,-71.0,-100.0,-100.0,-70.0,-100.0,-60,-77.0,-71.0,-72,-100.0,-100.0,-100,-100.0,-100.0,-100.0,-100.0,7
-100.0,-100.0,-100.0,-100.0,-100.0,-100.0,-100.0,-55,-100.0,-55.0,-55,-100.0,-53.0,-56,-67.0,-100.0,-100.0,-100.0,10
-100.0,-69.0,-37.0,-100.0,-100.0,-44.0,-100.0,-64,-100.0,-69.0,-69,-56.0,-69.0,-69,-100.0,-100.0,-100.0,-100.0,4
-46.0,-100.0,-73.0,-100.0,-82.0,-100.0,-58.0,-58,-100.0,-73.0,-72,-100.0,-100.0,-100,-73.0,-100.0,-100.0,-100.0,12
-100.0,-100.0,-58.0,-100.0,-100.0,-100.0,-58.0,-58,-100.0,-100.0,-100,-100.0,-100.0,-67,-100.0,-100.0,-100.0,-100.0,13
-100.0,-75.0,-77.0,-100.0,-100.0,-100.0,-100.0,-71,-100.0,-72.0,-73,-100.0,-100.0,-100,-100.0,-100.0,-100.0,-100.0,6
-100.0,-100.0,-100.0,-100.0,-100.0,-100.0,-78.0,-53,-100.0,-58.0,-59,-100.0,-100.0,-61,-61.0,-100.0,-100.0,-100.0,9
-100.0,-100.0,-100.0,-100.0,-100.0,-100.0,-100.0,-52,-100.0,-51.0,-50,-100.0,-52.0,-52,-100.0,-100.0,-100.0,-100.0,10
-79.0,-100.0,-100.0,-100.0,-100.0,-100.0,-100.0,-52,-100.0,-47.0,-46,-68.0,-46.0,-47,-100.0,-100.0,-100.0,-100.0,10
-100.0,-100.0,-100.0,-100.0,-56.0,-100.0,-100.0,-51,-100.0,-47.0,-46,-55.0,-46.0,-46,-66.0,-100.0,-100.0,-66.0,11
-100.0,-60.0,-73.0,-100.0,-76.0,-57.0,-100.0,-64,-73.0,-71.0,-100,-100.0,-72.0,-75,-100.0,-100.0,-100.0,-100.0,4
-100.0,-74.0,-61.0,-100.0,-100.0,-65.0,-84.0,-60,-67.0,-100.0,-100,-100.0,-73.0,-100,-100.0,-100.0,-100.0,-100.0,7
-68.0,-100.0,-75.0,-100.0,-74.0,-100.0,-100.0,-53,-100.0,-58.0,-60,-100.0,-60.0,-58,-65.0,-100.0,-100.0,-100.0,9
-100.0,-78.0,-100.0,-100.0,-100.0,-100.0,-100.0,-70,-100.0,-100.0,-77,-100.0,-100.0,-76,-100.0,-100.0,-100.0,-100.0,6
-47.0,-100.0,-69.0,-100.0,-100.0,-100.0,-59.0,-55,-100.0,-100.0,-81,-100.0,-100.0,-100,-72.0,-100.0,-100.0,-100.0,12
-100.0,-69.0,-69.0,-100.0,-100.0,-100.0,-100.0,-62,-100.0,-100.0,-100,-50.0,-100.0,-100,-76.0,-100.0,-100.0,-100.0,6
-69.0,-100.0,-56.0,-100.0,-57.0,-100.0,-100.0,-54,-100.0,-57.0,-56,-59.0,-59.0,-58,-100.0,-100.0,-100.0,-100.0,10
-72.0,-100.0,-55.0,-100.0,-56.0,-100.0,-100.0,-44,-100.0,-53.0,-52,-58.0,-52.0,-53,-64.0,-100.0,-100.0,-100.0,10
-100.0,-69.0,-60.0,-100.0,-100.0,-100.0,-90.0,-59,-76.0,-72.0,-74,-52.0,-100.0,-73,-100.0,-100.0,-100.0,-100.0,7
-100.0,-100.0,-100.0,-100.0,-100.0,-100.0,-100.0,-58,-100.0,-64.0,-65,-100.0,-65.0,-66,-63.0,-100.0,-100.0,-100.0,9
-70.0,-100.0,-65.0,-100.0,-100.0,-100.0,-100.0,-48,-100.0,-65.0,-100,-100.0,-66.0,-100,-69.0,-100.0,-100.0,-100.0,9
-100.0,-100.0,-100.0,-100.0,-49.0,-100.0,-100.0,-54,-100.0,-100.0,-49,-100.0,-100.0,-50,-100.0,-100.0,-100.0,-100.0,11
-70.0,-100.0,-52.0,-100.0,-100.0,-100.0,-100.0,-48,-100.0,-65.0,-63,-100.0,-63.0,-67,-64.0,-100.0,-100.0,-100.0,10
-50.0,-100.0,-100.0,-100.0,-100.0,-100.0,-57.0,-53,-100.0,-100.0,-100,-100.0,-100.0,-100,-100.0,-100.0,-100.0,-100.0,13
-100.0,-100.0,-100.0,-100.0,-63.0,-100.0,-100.0,-47,-100.0,-45.0,-100,-69.0,-43.0,-100,-70.0,-100.0,-100.0,-81.0,11
-54.0,-100.0,-73.0,-100.0,-100.0,-100.0,-52.0,-59,-100.0,-100.0,-73,-100.0,-100.0,-76,-74.0,-100.0,-100.0,-100.0,12
-100.0,-100.0,-63.0,-100.0,-54.0,-100.0,-100.0,-49,-100.0,-48.0,-47,-100.0,-51.0,-48,-75.0,-100.0,-100.0,-76.0,10
-100.0,-73.0,-69.0,-100.0,-100.0,-100.0,-100.0,-72,-100.0,-100.0,-100,-58.0,-73.0,-100,-100.0,-100.0,-100.0,-100.0,6
-100.0,-100.0,-100.0,-100.0,-64.0,-100.0,-100.0,-47,-100.0,-75.0,-49,-100.0,-51.0,-100,-72.0,-100.0,-100.0,-73.0,11
-100.0,-100.0,-100.0,-100.0,-47.0,-100.0,-100.0,-56,-100.0,-52.0,-53,-100.0,-52.0,-51,-69.0,-100.0,-100.0,-100.0,11
-100.0,-66.0,-62.0,-100.0,-100.0,-100.0,-100.0,-64,-100.0,-72.0,-73,-100.0,-71.0,-69,-74.0,-100.0,-100.0,-100.0,7
-100.0,-100.0,-69.0,-100.0,-65.0,-100.0,-100.0,-55,-100.0,-59.0,-59,-67.0,-57.0,-57,-66.0,-100.0,-100.0,-100.0,10
-73.0,-100.0,-73.0,-100.0,-68.0,-100.0,-100.0,-45,-100.0,-52.0,-52,-100.0,-52.0,-54,-65.0,-100.0,-100.0,-88.0,10
-100.0,-100.0,-57.0,-100.0,-65.0,-100.0,-100.0,-49,-100.0,-58.0,-60,-100.0,-62.0,-100,-62.0,-100.0,-100.0,-100.0,10
-65.0,-100.0,-100.0,-100.0,-100.0,-100.0,-62.0,-51,-100.0,-100.0,-100,-100.0,-100.0,-72,-100.0,-100.0,-100.0,-100.0,13
-100.0,-100.0,-64.0,-100.0,-58.0,-100.0,-100.0,-53,-100.0,-45.0,-45,-100.0,-48.0,-45,-68.0,-100.0,-100.0,-84.0,10
-100.0,-100.0,-58.0,-100.0,-100.0,-58.0,-100.0,-58,-72.0,-70.0,-67,-48.0,-100.0,-100,-100.0,-100.0,-100.0,-100.0,7
-63.0,-100.0,-100.0,-100.0,-100.0,-100.0,-51.0,-49,-100.0,-100.0,-100,-100.0,-100.0,-71,-63.0,-100.0,-100.0,-100.0,13
-100.0,-100.0,-100.0,-100.0,-58.0,-100.0,-100.0,-54,-100.0,-45.0,-53,-69.0,-50.0,-51,-74.0,-100.0,-100.0,-100.0,11
-100.0,-75.0,-65.0,-100.0,-100.0,-100.0,-76.0,-48,-100.0,-70.0,-71,-57.0,-100.0,-70,-100.0,-100.0,-100.0,-100.0,7
-100.0,-57.0,-68.0,-100.0,-100.0,-100.0,-100.0,-65,-73.0,-78.0,-80,-100.0,-77.0,-79,-100.0,-100.0,-100.0,-100.0,4
-79.0,-71.0,-68.0,-100.0,-100.0,-100.0,-100.0,-51,-100.0,-66.0,-65,-51.0,-68.0,-64,-100.0,-100.0,-100.0,-100.0,7
-100.0,-100.0,-76.0,-100.0,-100.0,-100.0,-100.0,-73,-100.0,-100.0,-100,-55.0,-74.0,-73,-81.0,-100.0,-100.0,-100.0,6
-100.0,-69.0,-55.0,-100.0,-100.0,-56.0,-100.0,-64,-58.0,-72.0,-100,-48.0,-69.0,-100,-100.0,-100.0,-100.0,-100.0,4
-52.0,-100.0,-100.0,-100.0,-100.0,-100.0,-51.0,-44,-100.0,-100.0,-100,-100.0,-100.0,-100,-100.0,-100.0,-100.0,-100.0,13
-100.0,-100.0,-81.0,-100.0,-100.0,-100.0,-100.0,-52,-100.0,-60.0,-60,-100.0,-62.0,-100,-68.0,-100.0,-100.0,-100.0,9
-81.0,-100.0,-100.0,-100.0,-100.0,-100.0,-100.0,-56,-100.0,-100.0,-100,-100.0,-100.0,-100,-58.0,-100.0,-100.0,-100.0,9
-100.0,-100.0,-100.0,-100.0,-55.0,-100.0,-100.0,-55,-100.0,-100.0,-58,-100.0,-57.0,-54,-74.0,-100.0,-100.0,-100.0,11
-66.0,-100.0,-100.0,-100.0,-100.0,-100.0,-62.0,-52,-100.0,-100.0,-71,-100.0,-100.0,-100,-100.0,-100.0,-100.0,-100.0,13
-100.0,-100.0,-100.0,-100.0,-100.0,-100.0,-100.0,-77,-82.0,-83.0,-82,-100.0,-100.0,-100,-100.0,-100.0,-100.0,-100.0,6
-100.0,-100.0,-68.0,-100.0,-100.0,-100.0,-89.0,-64,-81.0,-73.0,-74,-100.0,-74.0,-74,-77.0,-100.0,-100.0,-100.0,6
-70.0,-100.0,-55.0,-100.0,-55.0,-100.0,-100.0,-52,-100.0,-56.0,-56,-100.0,-56.0,-56,-67.0,-100.0,-91.0,-85.0,10
-100.0,-100.0,-100.0,-100.0,-46.0,-100.0,-100.0,-50,-100.0,-46.0,-48,-100.0,-47.0,-46,-100.0,-100.0,-100.0,-68.0,11
-100.0,-100.0,-100.0,-100.0,-50.0,-100.0,-100.0,-68,-100.0,-52.0,-51,-72.0,-53.0,-52,-76.0,-100.0,-100.0,-100.0,11
-100.0,-100.0,-66.0,-100.0,-100.0,-100.0,-59.0,-50,-100.0,-100.0,-100,-100.0,-100.0,-70,-64.0,-100.0,-100.0,-100.0,13
-100.0,-65.0,-100.0,-100.0,-100.0,-100.0,-100.0,-75,-100.0,-100.0,-100,-42.0,-72.0,-69,-100.0,-100.0,-100.0,-100.0,4
-100.0,-100.0,-100.0,-100.0,-79.0,-100.0,-100.0,-51,-100.0,-52.0,-52,-100.0,-53.0,-55,-68.0,-100.0,-100.0,-100.0,9
-100.0,-70.0,-56.0,-100.0,-100.0,-46.0,-100.0,-73,-66.0,-100.0,-100,-100.0,-77.0,-78,-100.0,-100.0,-100.0,-100.0,4
-100.0,-73.0,-75.0,-100.0,-100.0,-100.0,-100.0,-75,-100.0,-69.0,-70,-69.0,-100.0,-100,-100.0,-100.0,-100.0,-100.0,6
-48.0,-100.0,-74.0,-100.0,-78.0,-100.0,-50.0,-59,-100.0,-76.0,-73,-100.0,-100.0,-77,-100.0,-100.0,-100.0,-100.0,12
-100.0,-61.0,-47.0,-100.0,-100.0,-56.0,-100.0,-64,-60.0,-69.0,-100,-100.0,-68.0,-100,-100.0,-76.0,-100.0,-100.0,4
-100.0,-100.0,-100.0,-100.0,-56.0,-100.0,-100.0,-67,-100.0,-100.0,-100,-100.0,-46.0,-48,-67.0,-100.0,-100.0,-100.0,10
-70.0,-100.0,-65.0,-100.0,-63.0,-100.0,-100.0,-48,-100.0,-100.0,-100,-100.0,-100.0,-100,-68.0,-100.0,-100.0,-100.0,10
-100.0,-100.0,-100.0,-100.0,-51.0,-100.0,-100.0,-58,-100.0,-100.0,-100,-69.0,-52.0,-52,-73.0,-100.0,-100.0,-100.0,11
-73.0,-100.0,-58.0,-100.0,-55.0,-100.0,-100.0,-47,-100.0,-50.0,-47,-100.0,-50.0,-46,-100.0,-100.0,-100.0,-100.0,10
-100.0,-100.0,-100.0,-100.0,-100.0,-100.0,-73.0,-48,-100.0,-100.0,-56,-100.0,-55.0,-57,-65.0,-100.0,-100.0,-100.0,9
-47.0,-100.0,-100.0,-100.0,-100.0,-100.0,-45.0,-59,-100.0,-100.0,-100,-100.0,-100.0,-100,-74.0,-100.0,-100.0,-100.0,12
-100.0,-73.0,-80.0,-100.0,-100.0,-100.0,-100.0,-81,-81.0,-100.0,-100,-69.0,-100.0,-84,-100.0,-100.0,-100.0,-100.0,6
-100.0,-100.0,-100.0,-100.0,-100.0,-100.0,-100.0,-50,-100.0,-100.0,-58,-100.0,-100.0,-57,-68.0,-100.0,-100.0,-100.0,9
-100.0,-100.0,-70.0,-100.0,-100.0,-100.0,-72.0,-45,-100.0,-100.0,-100,-100.0,-100.0,-100,-62.0,-100.0,-100.0,-100.0,9
-71.0,-100.0,-54.0,-100.0,-100.0,-100.0,-100.0,-44,-100.0,-55.0,-55,-100.0,-55.0,-54,-61.0,-100.0,-100.0,-90.0,10
-100.0,-100.0,-70.0,-100.0,-100.0,-55.0,-100.0,-61,-70.0,-71.0,-70,-100.0,-100.0,-100,-100.0,-100.0,-100.0,-100.0,7
-59.0,-100.0,-100.0,-100.0,-100.0,-100.0,-51.0,-67,-100.0,-100.0,-100,-100.0,-100.0,-100,-100.0,-100.0,-100.0,-100.0,12
-100.0,-65.0,-62.0,-100.0,-100.0,-100.0,-100.0,-58,-100.0,-75.0,-100,-100.0,-72.0,-100,-100.0,-100.0,-100.0,-100.0,7
-100.0,-79.0,-77.0,-100.0,-100.0,-100.0,-100.0,-67,-100.0,-76.0,-76,-100.0,-75.0,-75,-100.0,-100.0,-100.0,-100.0,6
-55.0,-100.0,-100.0,-100.0,-100.0,-100.0,-70.0,-60,-100.0,-100.0,-100,-100.0,-73.0,-74,-100.0,-100.0,-100.0,-100.0,13
-100.0,-100.0,-100.0,-100.0,-53.0,-100.0,-100.0,-57,-100.0,-51.0,-52,-100.0,-52.0,-54,-76.0,-100.0,-100.0,-100.0,11
-100.0,-100.0,-64.0,-100.0,-100.0,-100.0,-59.0,-44,-100.0,-100.0,-100,-100.0,-100.0,-66,-100.0,-100.0,-100.0,-100.0,13
-100.0,-100.0,-67.0,-100.0,-63.0,-100.0,-100.0,-47,-100.0,-44.0,-50,-100.0,-48.0,-44,-100.0,-100.0,-100.0,-84.0,10
-100.0,-100.0,-100.0,-100.0,-100.0,-100.0,-100.0,-74,-87.0,-100.0,-100,-67.0,-79.0,-78,-81.0,-100.0,-100.0,-100.0,6
-100.0,-100.0,-100.0,-100.0,-100.0,-100.0,-69.0,-50,-100.0,-100.0,-100,-100.0,-77.0,-75,-100.0,-100.0,-100.0,-100.0,13
-100.0,-100.0,-100.0,-100.0,-100.0,-100.0,-100.0,-52,-100.0,-100.0,-100,-100.0,-58.0,-58,-100.0,-100.0,-100.0,-100.0,9
-48.0,-100.0,-100.0,-100.0,-100.0,-100.0,-52.0,-51,-100.0,-100.0,-100,-100.0,-100.0,-100,-100.0,-100.0,-100.0,-100.0,12
-47.0,-100.0,-74.0,-100.0,-100.0,-100.0,-57.0,-55,-100.0,-100.0,-100,-100.0,-100.0,-100,-100.0,-100.0,-100.0,-100.0,12
-71.0,-100.0,-100.0,-100.0,-76.0,-100.0,-100.0,-50,-100.0,-100.0,-100,-100.0,-65.0,-65,-61.0,-100.0,-100.0,-96.0,9
-77.0,-100.0,-100.0,-74.0,-100.0,-100.0,-74.0,-39,-100.0,-53.0,-54,-100.0,-55.0,-53,-60.0,-100.0,-100.0,-100.0,9
-100.0,-100.0,-100.0,-100.0,-100.0,-100.0,-49.0,-58,-100.0,-100.0,-100,-100.0,-100.0,-74,-100.0,-100.0,-100.0,-100.0,12
-100.0,-100.0,-100.0,-100.0,-47.0,-100.0,-100.0,-55,-100.0,-48.0,-46,-66.0,-47.0,-46,-100.0,-100.0,-100.0,-79.0,11
-100.0,-76.0,-70.0,-100.0,-100.0,-100.0,-100.0,-64,-100.0,-74.0,-100,-56.0,-72.0,-72,-100.0,-100.0,-100.0,-100.0,6
-100.0,-100.0,-55.0,-100.0,-100.0,-100.0,-55.0,-44,-100.0,-100.0,-59,-100.0,-59.0,-60,-100.0,-100.0,-100.0,-100.0,13
-100.0,-100.0,-100.0,-100.0,-61.0,-100.0,-100.0,-59,-100.0,-39.0,-38,-100.0,-38.0,-41,-100.0,-100.0,-100.0,-71.0,11
-100.0,-77.0,-75.0,-100.0,-100.0,-100.0,-100.0,-75,-100.0,-75.0,-77,-69.0,-78.0,-75,-100.0,-100.0,-100.0,-100.0,6
-100.0,-100.0,-100.0,-100.0,-51.0,-100.0,-100.0,-58,-100.0,-100.0,-50,-68.0,-100.0,-51,-100.0,-100.0,-100.0,-80.0,11
-65.0,-100.0,-100.0,-100.0,-100.0,-100.0,-63.0,-46,-100.0,-100.0,-100,-100.0,-70.0,-100,-100.0,-100.0,-100.0,-100.0,13
-100.0,-100.0,-100.0,-100.0,-100.0,-100.0,-100.0,-50,-100.0,-100.0,-100,-100.0,-58.0,-59,-63.0,-100.0,-100.0,-100.0,9
-100.0,-100.0,-71.0,-100.0,-79.0,-53.0,-100.0,-71,-100.0,-79.0,-100,-43.0,-100.0,-82,-100.0,-100.0,-100.0,-100.0,4
-65.0,-100.0,-68.0,-100.0,-58.0,-100.0,-100.0,-45,-100.0,-100.0,-51,-100.0,-100.0,-100,-61.0,-100.0,-100.0,-100.0,10
-100.0,-100.0,-100.0,-100.0,-77.0,-100.0,-100.0,-51,-100.0,-100.0,-63,-100.0,-100.0,-59,-100.0,-100.0,-100.0,-100.0,9
-49.0,-100.0,-100.0,-100.0,-100.0,-100.0,-52.0,-58,-100.0,-100.0,-74,-100.0,-100.0,-72,-77.0,-100.0,-100.0,-100.0,12
-100.0,-100.0,-67.0,-100.0,-100.0,-63.0,-100.0,-52,-73.0,-69.0,-69,-56.0,-70.0,-70,-78.0,-100.0,-100.0,-100.0,7
-100.0,-100.0,-64.0,-100.0,-100.0,-100.0,-85.0,-64,-100.0,-68.0,-100,-100.0,-100.0,-68,-68.0,-100.0,-100.0,-100.0,7
-100.0,-76.0,-74.0,-100.0,-100.0,-50.0,-100.0,-48,-74.0,-100.0,-61,-50.0,-58.0,-58,-74.0,-100.0,-100.0,-100.0,7
-77.0,-100.0,-74.0,-100.0,-100.0,-100.0,-100.0,-49,-100.0,-61.0,-62,-100.0,-61.0,-61,-100.0,-100.0,-100.0,-100.0,9
-100.0,-100.0,-100.0,-100.0,-55.0,-100.0,-100.0,-47,-100.0,-49.0,-47,-65.0,-50.0,-51,-59.0,-100.0,-100.0,-100.0,10
-77.0,-100.0,-80.0,-100.0,-78.0,-100.0,-100.0,-54,-100.0,-57.0,-59,-100.0,-56.0,-59,-62.0,-100.0,-100.0,-100.0,9
-100.0,-67.0,-63.0,-100.0,-100.0,-100.0,-100.0,-64,-100.0,-74.0,-73,-41.0,-100.0,-76,-100.0,-100.0,-100.0,-100.0,4
-100.0,-100.0,-100.0,-100.0,-57.0,-100.0,-100.0,-49,-100.0,-100.0,-47,-100.0,-46.0,-100,-100.0,-100.0,-100.0,-69.0,11
-100.0,-100.0,-71.0,-100.0,-100.0,-100.0,-100.0,-49,-100.0,-63.0,-61,-100.0,-63.0,-61,-67.0,-100.0,-100.0,-100.0,9
-78.0,-100.0,-100.0,-100.0,-100.0,-100.0,-56.0,-63,-100.0,-100.0,-79,-100.0,-100.0,-100,-100.0,-100.0,-100.0,-100.0,12
-100.0,-72.0,-100.0,-100.0,-100.0,-100.0,-100.0,-70,-100.0,-100.0,-100,-100.0,-76.0,-73,-100.0,-100.0,-100.0,-100.0,6
-100.0,-63.0,-73.0,-100.0,-71.0,-53.0,-100.0,-74,-65.0,-100.0,-100,-100.0,-64.0,-66,-100.0,-100.0,-100.0,-100.0,4
-76.0,-100.0,-82.0,-100.0,-60.0,-100.0,-100.0,-43,-100.0,-56.0,-100,-100.0,-54.0,-53,-73.0,-100.0,-100.0,-100.0,10
-51.0,-100.0,-100.0,-100.0,-100.0,-100.0,-56.0,-59,-100.0,-100.0,-100,-100.0,-100.0,-100,-72.0,-100.0,-100.0,-100.0,12
-100.0,-100.0,-64.0,-100.0,-64.0,-100.0,-100.0,-54,-100.0,-100.0,-100,-100.0,-100.0,-52,-75.0,-100.0,-100.0,-100.0,10
-100.0,-100.0,-100.0,-100.0,-57.0,-100.0,-100.0,-51,-100.0,-45.0,-46,-100.0,-46.0,-46,-100.0,-100.0,-100.0,-73.0,11
-100.0,-100.0,-70.0,-100.0,-100.0,-56.0,-79.0,-62,-100.0,-72.0,-100,-45.0,-72.0,-100,-100.0,-84.0,-100.0,-100.0,4
-100.0,-100.0,-70.0,-100.0,-100.0,-100.0,-100.0,-47,-100.0,-100.0,-100,-100.0,-100.0,-100,-100.0,-100.0,-100.0,-100.0,13
-100.0,-67.0,-62.0,-100.0,-70.0,-56.0,-100.0,-57,-65.0,-71.0,-73,-100.0,-71.0,-72,-100.0,-100.0,-100.0,-100.0,4
-100.0,-100.0,-61.0,-100.0,-100.0,-100.0,-100.0,-56,-100.0,-100.0,-73,-100.0,-100.0,-71,-76.0,-100.0,-100.0,-100.0,7
-67.0,-100.0,-55.0,-100.0,-53.0,-100.0,-100.0,-44,-100.0,-57.0,-54,-64.0,-100.0,-100,-58.0,-100.0,-100.0,-100.0,10
-100.0,-100.0,-58.0,-100.0,-100.0,-57.0,-100.0,-65,-100.0,-73.0,-70,-49.0,-72.0,-72,-100.0,-75.0,-100.0,-100.0,4
-100.0,-70.0,-59.0,-100.0,-100.0,-100.0,-100.0,-75,-58.0,-76.0,-77,-47.0,-100.0,-74,-100.0,-100.0,-100.0,-100.0,4
-44.0,-100.0,-100.0,-100.0,-100.0,-100.0,-54.0,-68,-100.0,-100.0,-75,-100.0,-100.0,-100,-100.0,-100.0,-100.0,-100.0,12
-100.0,-67.0,-68.0,-100.0,-100.0,-47.0,-100.0,-60,-61.0,-100.0,-71,-100.0,-100.0,-100,-100.0,-100.0,-100.0,-100.0,4
-100.0,-100.0,-100.0,-100.0,-51.0,-100.0,-100.0,-57,-100.0,-39.0,-40,-64.0,-100.0,-100,-71.0,-100.0,-100.0,-63.0,11
-65.0,-100.0,-74.0,-100.0,-100.0,-100.0,-64.0,-51,-100.0,-100.0,-67,-100.0,-100.0,-69,-100.0,-100.0,-100.0,-100.0,13
-48.0,-100.0,-100.0,-100.0,-100.0,-100.0,-54.0,-69,-100.0,-100.0,-100,-100.0,-100.0,-100,-100.0,-100.0,-100.0,-100.0,12
-69.0,-100.0,-60.0,-100.0,-100.0,-100.0,-100.0,-43,-100.0,-55.0,-58,-100.0,-55.0,-56,-80.0,-100.0,-100.0,-88.0,10
-100.0,-100.0,-100.0,-100.0,-70.0,-100.0,-100.0,-46,-100.0,-52.0,-51,-100.0,-53.0,-51,-100.0,-100.0,-100.0,-100.0,9
-100.0,-100.0,-100.0,-100.0,-72.0,-100.0,-100.0,-57,-100.0,-51.0,-49,-58.0,-49.0,-50,-100.0,-100.0,-100.0,-100.0,11
-57.0,-100.0,-100.0,-100.0,-100.0,-100.0,-61.0,-50,-100.0,-100.0,-100,-100.0,-69.0,-100,-100.0,-100.0,-100.0,-100.0,13
-100.0,-100.0,-54.0,-100.0,-100.0,-73.0,-100.0,-51,-100.0,-64.0,-64,-100.0,-64.0,-64,-71.0,-100.0,-100.0,-100.0,7
-51.0,-100.0,-69.0,-100.0,-100.0,-100.0,-51.0,-57,-100.0,-68.0,-70,-100.0,-100.0,-69,-100.0,-100.0,-100.0,-100.0,12
-100.0,-100.0,-100.0,-100.0,-57.0,-100.0,-100.0,-50,-100.0,-49.0,-100,-60.0,-50.0,-100,-68.0,-100.0,-100.0,-85.0,11
-100.0,-62.0,-49.0,-100.0,-100.0,-55.0,-100.0,-70,-66.0,-72.0,-100,-44.0,-72.0,-100,-100.0,-100.0,-100.0,-100.0,4
-100.0,-100.0,-100.0,-100.0,-56.0,-100.0,-100.0,-54,-100.0,-43.0,-42,-57.0,-43.0,-42,-71.0,-100.0,-100.0,-100.0,11
-100.0,-100.0,-100.0,-100.0,-100.0,-100.0,-100.0,-48,-100.0,-100.0,-100,-100.0,-58.0,-59,-55.0,-100.0,-100.0,-100.0,9
-62.0,-100.0,-72.0,-100.0,-79.0,-100.0,-66.0,-56,-100.0,-76.0,-77,-100.0,-100.0,-80,-100.0,-100.0,-100.0,-100.0,12
-100.0,-100.0,-76.0,-100.0,-100.0,-100.0,-100.0,-75,-100.0,-74.0,-77,-100.0,-100.0,-100,-100.0,-100.0,-100.0,-100.0,6
-100.0,-100.0,-53.0,-100.0,-100.0,-62.0,-100.0,-68,-100.0,-100.0,-100,-100.0,-69.0,-71,-100.0,-100.0,-100.0,-100.0,4
-100.0,-100.0,-100.0,-100.0,-52.0,-100.0,-100.0,-54,-100.0,-52.0,-100,-100.0,-52.0,-100,-100.0,-100.0,-100.0,-81.0,11
-100.0,-65.0,-58.0,-100.0,-100.0,-50.0,-100.0,-69,-68.0,-75.0,-74,-100.0,-73.0,-75,-100.0,-77.0,-100.0,-100.0,4
-100.0,-75.0,-71.0,-100.0,-100.0,-100.0,-100.0,-66,-100.0,-69.0,-100,-100.0,-69.0,-68,-75.0,-100.0,-100.0,-100.0,6
-100.0,-56.0,-55.0,-100.0,-100.0,-54.0,-100.0,-62,-100.0,-69.0,-100,-34.0,-73.0,-100,-100.0,-90.0,-100.0,-100.0,4
-100.0,-100.0,-100.0,-100.0,-56.0,-100.0,-100.0,-73,-100.0,-50.0,-52,-100.0,-53.0,-50,-100.0,-100.0,-100.0,-77.0,11
-100.0,-73.0,-62.0,-100.0,-100.0,-69.0,-100.0,-56,-76.0,-100.0,-100,-48.0,-100.0,-67,-72.0,-100.0,-100.0,-100.0,7
-100.0,-100.0,-100.0,-100.0,-62.0,-100.0,-100.0,-46,-100.0,-42.0,-41,-100.0,-40.0,-41,-100.0,-100.0,-100.0,-100.0,11
-51.0,-100.0,-81.0,-100.0,-100.0,-100.0,-53.0,-64,-100.0,-100.0,-100,-100.0,-100.0,-100,-77.0,-100.0,-100.0,-100.0,12
-100.0,-100.0,-100.0,-100.0,-54.0,-100.0,-100.0,-54,-100.0,-53.0,-55,-64.0,-54.0,-55,-75.0,-100.0,-100.0,-100.0,11
-100.0,-100.0,-100.0,-100.0,-100.0,-100.0,-100.0,-75,-100.0,-100.0,-100,-100.0,-100.0,-82,-100.0,-100.0,-100.0,-100.0,6
-100.0,-70.0,-55.0,-100.0,-100.0,-69.0,-100.0,-54,-100.0,-100.0,-100,-100.0,-68.0,-67,-76.0,-100.0,-100.0,-100.0,7
-100.0,-68.0,-62.0,-100.0,-100.0,-100.0,-100.0,-51,-100.0,-100.0,-100,-100.0,-67.0,-67,-100.0,-100.0,-100.0,-100.0,7
-75.0,-100.0,-62.0,-100.0,-66.0,-100.0,-100.0,-48,-100.0,-52.0,-52,-72.0,-52.0,-53,-67.0,-100.0,-100.0,-87.0,10
-56.0,-100.0,-100.0,-100.0,-100.0,-100.0,-52.0,-56,-100.0,-100.0,-75,-100.0,-100.0,-72,-100.0,-100.0,-100.0,-100.0,12
-100.0,-100.0,-100.0,-100.0,-100.0,-100.0,-80.0,-43,-100.0,-61.0,-100,-100.0,-100.0,-60,-71.0,-100.0,-100.0,-100.0,9
-63.0,-100.0,-100.0,-100.0,-100.0,-100.0,-53.0,-52,-100.0,-100.0,-100,-100.0,-100.0,-100,-73.0,-100.0,-100.0,-100.0,12
-100.0,-100.0,-100.0,-100.0,-100.0,-100.0,-100.0,-72,-100.0,-100.0,-100,-100.0,-86.0,-100,-85.0,-100.0,-100.0,-100.0,6
-74.0,-70.0,-76.0,-100.0,-100.0,-68.0,-100.0,-75,-70.0,-67.0,-67,-55.0,-100.0,-100,-100.0,-100.0,-100.0,-100.0,7
-100.0,-100.0,-69.0,-100.0,-100.0,-71.0,-100.0,-60,-100.0,-67.0,-66,-53.0,-100.0,-100,-100.0,-100.0,-100.0,-100.0,7
-68.0,-100.0,-62.0,-100.0,-100.0,-100.0,-100.0,-45,-100.0,-57.0,-57,-100.0,-55.0,-58,-100.0,-100.0,-100.0,-92.0,10
-74.0,-100.0,-77.0,-100.0,-74.0,-100.0,-100.0,-49,-100.0,-65.0,-100,-100.0,-67.0,-100,-59.0,-100.0,-100.0,-100.0,9
-100.0,-100.0,-100.0,-100.0,-46.0,-100.0,-100.0,-57,-100.0,-43.0,-45,-100.0,-43.0,-43,-70.0,-100.0,-100.0,-76.0,11
-100.0,-100.0,-100.0,-100.0,-61.0,-100.0,-100.0,-45,-100.0,-50.0,-48,-59.0,-49.0,-49,-70.0,-100.0,-100.0,-100.0,10
-52.0,-100.0,-76.0,-100.0,-100.0,-100.0,-48.0,-53,-100.0,-100.0,-74,-100.0,-100.0,-100,-100.0,-100.0,-100.0,-100.0,12
-100.0,-67.0,-58.0,-100.0,-100.0,-100.0,-100.0,-53,-100.0,-100.0,-69,-48.0,-68.0,-69,-100.0,-100.0,-100.0,-100.0,7
-100.0,-100.0,-73.0,-100.0,-76.0,-100.0,-100.0,-51,-100.0,-55.0,-57,-100.0,-53.0,-57,-59.0,-100.0,-100.0,-100.0,9
-58.0,-100.0,-100.0,-100.0,-100.0,-100.0,-57.0,-46,-100.0,-100.0,-66,-100.0,-66.0,-100,-67.0,-100.0,-100.0,-100.0,13
-78.0,-100.0,-72.0,-100.0,-100.0,-100.0,-73.0,-49,-100.0,-100.0,-100,-100.0,-100.0,-100,-59.0,-100.0,-100.0,-100.0,9
-100.0,-69.0,-60.0,-100.0,-100.0,-100.0,-80.0,-54,-73.0,-73.0,-73,-45.0,-71.0,-100,-100.0,-100.0,-100.0,-100.0,4
-100.0,-64.0,-45.0,-100.0,-100.0,-100.0,-100.0,-73,-100.0,-72.0,-100,-39.0,-100.0,-100,-100.0,-100.0,-100.0,-100.0,4
-61.0,-100.0,-100.0,-100.0,-100.0,-100.0,-52.0,-58,-100.0,-100.0,-100,-100.0,-73.0,-100,-100.0,-100.0,-100.0,-100.0,13
-100.0,-100.0,-100.0,-100.0,-56.0,-100.0,-100.0,-53,-100.0,-100.0,-100,-100.0,-46.0,-48,-69.0,-100.0,-100.0,-100.0,11
-64.0,-100.0,-100.0,-100.0,-100.0,-100.0,-54.0,-63,-100.0,-100.0,-100,-100.0,-100.0,-100,-100.0,-100.0,-100.0,-100.0,13
-58.0,-100.0,-68.0,-100.0,-100.0,-100.0,-55.0,-52,-100.0,-100.0,-100,-100.0,-80.0,-100,-100.0,-100.0,-100.0,-100.0,13
-100.0,-100.0,-100.0,-76.0,-100.0,-100.0,-100.0,-56,-100.0,-100.0,-100,-100.0,-54.0,-54,-62.0,-100.0,-100.0,-100.0,9
-51.0,-100.0,-69.0,-100.0,-100.0,-100.0,-58.0,-57,-100.0,-73.0,-100,-100.0,-100.0,-100,-100.0,-100.0,-100.0,-100.0,12
-65.0,-100.0,-100.0,-100.0,-100.0,-100.0,-70.0,-50,-100.0,-100.0,-100,-100.0,-100.0,-72,-100.0,-100.0,-100.0,-100.0,13
-100.0,-100.0,-65.0,-100.0,-100.0,-100.0,-100.0,-47,-100.0,-55.0,-56,-100.0,-55.0,-56,-72.0,-100.0,-100.0,-100.0,10
-100.0,-100.0,-100.0,-100.0,-58.0,-100.0,-100.0,-74,-100.0,-49.0,-47,-100.0,-48.0,-43,-100.0,-100.0,-100.0,-100.0,11
-100.0,-100.0,-74.0,-100.0,-100.0,-100.0,-100.0,-68,-100.0,-76.0,-81,-100.0,-100.0,-74,-100.0,-100.0,-100.0,-100.0,6
-69.0,-100.0,-55.0,-100.0,-58.0,-100.0,-100.0,-79,-100.0,-52.0,-51,-100.0,-52.0,-75,-64.0,-100.0,-100.0,-89.0,10
-58.0,-100.0,-100.0,-100.0,-100.0,-100.0,-57.0,-54,-100.0,-100.0,-100,-100.0,-100.0,-100,-74.0,-100.0,-100.0,-100.0,13
-100.0,-66.0,-57.0,-100.0,-100.0,-100.0,-100.0,-52,-100.0,-69.0,-71,-100.0,-69.0,-70,-70.0,-100.0,-100.0,-100.0,7
-43.0,-100.0,-71.0,-100.0,-100.0,-100.0,-46.0,-61,-100.0,-71.0,-74,-100.0,-100.0,-70,-100.0,-100.0,-100.0,-100.0,12
-100.0,-69.0,-70.0,-100.0,-100.0,-49.0,-100.0,-73,-69.0,-100.0,-74,-100.0,-100.0,-74,-100.0,-100.0,-100.0,-100.0,4
-100.0,-100.0,-100.0,-100.0,-51.0,-100.0,-100.0,-52,-100.0,-49.0,-48,-100.0,-50.0,-50,-100.0,-100.0,-100.0,-76.0,11
-73.0,-100.0,-68.0,-100.0,-100.0,-100.0,-60.0,-51,-100.0,-100.0,-100,-100.0,-100.0,-69,-100.0,-100.0,-100.0,-100.0,13
-85.0,-68.0,-65.0,-100.0,-100.0,-67.0,-100.0,-50,-79.0,-63.0,-100,-45.0,-100.0,-63,-77.0,-100.0,-100.0,-100.0,7
-100.0,-100.0,-100.0,-100.0,-100.0,-100.0,-74.0,-51,-100.0,-63.0,-100,-100.0,-64.0,-100,-61.0,-100.0,-100.0,-100.0,9
-72.0,-100.0,-62.0,-100.0,-57.0,-100.0,-100.0,-48,-100.0,-55.0,-55,-100.0,-59.0,-54,-100.0,-100.0,-100.0,-100.0,10
-49.0,-100.0,-75.0,-100.0,-85.0,-100.0,-56.0,-59,-100.0,-73.0,-76,-100.0,-100.0,-75,-71.0,-100.0,-100.0,-100.0,12
-100.0,-76.0,-78.0,-100.0,-100.0,-100.0,-100.0,-76,-100.0,-100.0,-100,-100.0,-84.0,-87,-100.0,-100.0,-100.0,-100.0,6
-45.0,-100.0,-100.0,-100.0,-100.0,-100.0,-48.0,-48,-100.0,-100.0,-100,-100.0,-100.0,-100,-100.0,-100.0,-100.0,-100.0,12
-100.0,-100.0,-100.0,-100.0,-100.0,-100.0,-71.0,-57,-100.0,-53.0,-100,-100.0,-55.0,-100,-60.0,-100.0,-100.0,-100.0,9
-100.0,-100.0,-100.0,-72.0,-72.0,-100.0,-73.0,-41,-100.0,-59.0,-60,-100.0,-61.0,-62,-61.0,-100.0,-100.0,-100.0,9
-66.0,-100.0,-65.0,-100.0,-100.0,-100.0,-66.0,-49,-100.0,-100.0,-68,-100.0,-100.0,-100,-72.0,-100.0,-100.0,-100.0,13
-100.0,-70.0,-61.0,-100.0,-100.0,-58.0,-100.0,-66,-100.0,-100.0,-100,-100.0,-76.0,-100,-73.0,-100.0,-100.0,-100.0,7
-100.0,-100.0,-64.0,-100.0,-56.0,-100.0,-100.0,-53,-100.0,-48.0,-49,-63.0,-48.0,-49,-68.0,-100.0,-100.0,-79.0,10
-62.0,-100.0,-100.0,-100.0,-100.0,-100.0,-54.0,-55,-100.0,-100.0,-100,-100.0,-73.0,-100,-100.0,-100.0,-100.0,-100.0,13
-48.0,-100.0,-100.0,-100.0,-100.0,-100.0,-41.0,-50,-100.0,-100.0,-100,-100.0,-100.0,-71,-100.0,-100.0,-100.0,-100.0,12
-100.0,-68.0,-54.0,-100.0,-100.0,-62.0,-100.0,-69,-57.0,-100.0,-69,-46.0,-100.0,-68,-100.0,-100.0,-100.0,-100.0,4
-100.0,-78.0,-100.0,-100.0,-100.0,-100.0,-100.0,-89,-100.0,-100.0,-86,-71.0,-100.0,-100,-100.0,-100.0,-100.0,-100.0,6
-100.0,-100.0,-65.0,-100.0,-56.0,-100.0,-100.0,-51,-100.0,-50.0,-49,-100.0,-47.0,-100,-67.0,-100.0,-100.0,-100.0,10
-100.0,-100.0,-82.0,-100.0,-100.0,-100.0,-100.0,-83,-100.0,-100.0,-100,-67.0,-79.0,-78,-100.0,-100.0,-100.0,-100.0,6
-100.0,-68.0,-72.0,-100.0,-100.0,-46.0,-100.0,-58,-61.0,-100.0,-72,-39.0,-100.0,-100,-100.0,-100.0,-100.0,-100.0,4
-100.0,-65.0,-58.0,-100.0,-100.0,-100.0,-100.0,-59,-100.0,-100.0,-67,-45.0,-100.0,-73,-69.0,-100.0,-100.0,-100.0,6
-75.0,-100.0,-70.0,-100.0,-100.0,-100.0,-100.0,-52,-100.0,-51.0,-100,-100.0,-50.0,-100,-61.0,-100.0,-100.0,-88.0,10
-100.0,-100.0,-100.0,-73.0,-100.0,-100.0,-100.0,-49,-100.0,-65.0,-63,-100.0,-63.0,-65,-66.0,-100.0,-100.0,-100.0,9
-100.0,-100.0,-100.0,-100.0,-51.0,-100.0,-100.0,-52,-100.0,-55.0,-56,-71.0,-77.0,-55,-74.0,-100.0,-100.0,-78.0,11
-62.0,-100.0,-63.0,-100.0,-100.0,-100.0,-57.0,-43,-100.0,-100.0,-100,-100.0,-100.0,-100,-100.0,-100.0,-100.0,-100.0,13
-100.0,-79.0,-100.0,-100.0,-100.0,-100.0,-100.0,-78,-100.0,-100.0,-100,-100.0,-100.0,-84,-100.0,-100.0,-100.0,-100.0,6
-49.0,-100.0,-74.0,-100.0,-100.0,-100.0,-53.0,-56,-100.0,-100.0,-100,-100.0,-100.0,-100,-100.0,-100.0,-100.0,-100.0,12
-75.0,-100.0,-63.0,-100.0,-56.0,-100.0,-100.0,-46,-100.0,-47.0,-100,-100.0,-49.0,-48,-72.0,-100.0,-100.0,-82.0,10
-54.0,-100.0,-73.0,-100.0,-100.0,-100.0,-57.0,-69,-100.0,-100.0,-100,-100.0,-100.0,-100,-75.0,-100.0,-100.0,-100.0,12
-100.0,-100.0,-100.0,-100.0,-100.0,-100.0,-55.0,-47,-100.0,-100.0,-100,-100.0,-100.0,-100,-100.0,-100.0,-100.0,-100.0,13
-100.0,-70.0,-100.0,-100.0,-100.0,-100.0,-100.0,-69,-80.0,-76.0,-75,-60.0,-100.0,-100,-100.0,-100.0,-100.0,-100.0,6
-100.0,-100.0,-79.0,-100.0,-59.0,-100.0,-100.0,-48,-100.0,-56.0,-55,-100.0,-57.0,-57,-70.0,-100.0,-100.0,-100.0,10
-61.0,-100.0,-100.0,-100.0,-100.0,-100.0,-47.0,-58,-100.0,-69.0,-69,-100.0,-100.0,-100,-74.0,-100.0,-100.0,-100.0,12
-100.0,-100.0,-100.0,-100.0,-100.0,-100.0,-100.0,-51,-100.0,-100.0,-100,-100.0,-100.0,-100,-58.0,-100.0,-100.0,-100.0,9
-100.0,-100.0,-65.0,-100.0,-100.0,-71.0,-100.0,-50,-100.0,-63.0,-100,-48.0,-62.0,-100,-100.0,-100.0,-100.0,-100.0,7
-49.0,-100.0,-100.0,-100.0,-100.0,-100.0,-50.0,-59,-100.0,-100.0,-73,-100.0,-100.0,-100,-100.0,-100.0,-100.0,-100.0,12
-100.0,-80.0,-100.0,-100.0,-100.0,-100.0,-100.0,-100,-100.0,-100.0,-88,-100.0,-100.0,-81,-100.0,-100.0,-100.0,-100.0,6
-60.0,-100.0,-100.0,-100.0,-100.0,-100.0,-54.0,-52,-100.0,-100.0,-100,-100.0,-100.0,-73,-100.0,-100.0,-100.0,-100.0,13
-100.0,-100.0,-100.0,-100.0,-100.0,-100.0,-66.0,-46,-100.0,-100.0,-69,-100.0,-67.0,-100,-100.0,-100.0,-100.0,-100.0,13
-100.0,-71.0,-61.0,-100.0,-73.0,-100.0,-100.0,-53,-100.0,-100.0,-100,-47.0,-100.0,-72,-100.0,-100.0,-100.0,-100.0,4
-100.0,-65.0,-68.0,-100.0,-100.0,-44.0,-100.0,-66,-57.0,-100.0,-100,-45.0,-100.0,-100,-100.0,-100.0,-100.0,-100.0,4
-100.0,-100.0,-100.0,-100.0,-51.0,-100.0,-100.0,-56,-100.0,-37.0,-39,-100.0,-35.0,-36,-100.0,-100.0,-100.0,-64.0,11
-72.0,-100.0,-76.0,-100.0,-100.0,-100.0,-100.0,-48,-100.0,-60.0,-61,-100.0,-59.0,-60,-100.0,-100.0,-100.0,-100.0,9
-100.0,-100.0,-100.0,-100.0,-58.0,-100.0,-100.0,-52,-100.0,-43.0,-43,-61.0,-44.0,-45,-62.0,-100.0,-100.0,-100.0,11
-74.0,-100.0,-100.0,-100.0,-100.0,-100.0,-79.0,-49,-100.0,-100.0,-100,-100.0,-100.0,-100,-63.0,-100.0,-100.0,-100.0,9
-69.0,-100.0,-76.0,-100.0,-63.0,-100.0,-100.0,-44,-100.0,-55.0,-51,-100.0,-52.0,-52,-100.0,-100.0,-100.0,-100.0,10
-100.0,-65.0,-61.0,-100.0,-100.0,-57.0,-100.0,-72,-72.0,-73.0,-100,-100.0,-100.0,-100,-100.0,-100.0,-100.0,-100.0,4
-67.0,-100.0,-100.0,-100.0,-100.0,-100.0,-56.0,-53,-100.0,-100.0,-100,-100.0,-100.0,-100,-100.0,-100.0,-100.0,-100.0,13
-100.0,-100.0,-100.0,-100.0,-100.0,-100.0,-100.0,-75,-100.0,-100.0,-82,-100.0,-100.0,-78,-81.0,-100.0,-100.0,-100.0,6
-57.0,-100.0,-100.0,-100.0,-100.0,-100.0,-57.0,-59,-100.0,-100.0,-100,-100.0,-100.0,-100,-61.0,-100.0,-100.0,-100.0,13
-100.0,-100.0,-100.0,-100.0,-57.0,-100.0,-100.0,-57,-100.0,-51.0,-45,-64.0,-50.0,-52,-100.0,-100.0,-100.0,-74.0,11
-100.0,-70.0,-69.0,-100.0,-76.0,-100.0,-100.0,-72,-100.0,-100.0,-100,-100.0,-100.0,-78,-100.0,-100.0,-100.0,-100.0,4
-100.0,-100.0,-100.0,-100.0,-100.0,-100.0,-64.0,-56,-100.0,-100.0,-75,-100.0,-100.0,-100,-71.0,-100.0,-100.0,-100.0,13
-100.0,-74.0,-68.0,-100.0,-100.0,-100.0,-100.0,-55,-100.0,-100.0,-100,-100.0,-64.0,-64,-100.0,-100.0,-100.0,-100.0,7
-100.0,-100.0,-68.0,-100.0,-59.0,-100.0,-100.0,-46,-100.0,-54.0,-53,-100.0,-52.0,-53,-60.0,-100.0,-100.0,-100.0,10
-100.0,-64.0,-65.0,-100.0,-72.0,-54.0,-100.0,-62,-65.0,-100.0,-100,-44.0,-100.0,-75,-100.0,-82.0,-100.0,-100.0,4
-100.0,-100.0,-100.0,-100.0,-49.0,-100.0,-100.0,-54,-100.0,-100.0,-48,-100.0,-49.0,-100,-75.0,-100.0,-100.0,-72.0,11
-100.0,-67.0,-70.0,-100.0,-100.0,-54.0,-100.0,-62,-100.0,-71.0,-71,-100.0,-74.0,-71,-100.0,-100.0,-100.0,-100.0,4
-49.0,-100.0,-100.0,-100.0,-100.0,-100.0,-47.0,-55,-100.0,-100.0,-100,-100.0,-100.0,-100,-74.0,-100.0,-100.0,-100.0,12
-100.0,-100.0,-64.0,-100.0,-100.0,-69.0,-100.0,-56,-100.0,-68.0,-100,-52.0,-68.0,-66,-68.0,-100.0,-100.0,-100.0,7
-100.0,-100.0,-100.0,-100.0,-54.0,-100.0,-100.0,-63,-100.0,-48.0,-45,-100.0,-100.0,-46,-100.0,-100.0,-100.0,-72.0,11
-100.0,-100.0,-100.0,-100.0,-57.0,-100.0,-100.0,-60,-100.0,-53.0,-54,-73.0,-80.0,-53,-100.0,-100.0,-100.0,-100.0,11
-100.0,-100.0,-100.0,-100.0,-100.0,-100.0,-100.0,-79,-100.0,-100.0,-100,-100.0,-82.0,-80,-100.0,-100.0,-100.0,-100.0,6
-100.0,-100.0,-100.0,-100.0,-100.0,-100.0,-100.0,-60,-100.0,-70.0,-71,-57.0,-100.0,-73,-100.0,-100.0,-100.0,-100.0,6
-75.0,-100.0,-88.0,-100.0,-80.0,-100.0,-100.0,-51,-100.0,-100.0,-52,-100.0,-56.0,-100,-64.0,-100.0,-100.0,-100.0,9
-100.0,-100.0,-62.0,-100.0,-100.0,-66.0,-80.0,-50,-72.0,-100.0,-69,-100.0,-69.0,-100,-100.0,-100.0,-100.0,-100.0,7
-100.0,-62.0,-72.0,-100.0,-100.0,-100.0,-100.0,-62,-61.0,-74.0,-100,-38.0,-73.0,-100,-100.0,-100.0,-100.0,-100.0,4
-100.0,-66.0,-62.0,-100.0,-100.0,-100.0,-100.0,-52,-100.0,-61.0,-63,-100.0,-64.0,-64,-70.0,-100.0,-100.0,-100.0,7
-100.0,-100.0,-100.0,-100.0,-55.0,-100.0,-100.0,-55,-100.0,-56.0,-53,-68.0,-100.0,-50,-100.0,-100.0,-100.0,-100.0,11
-79.0,-100.0,-64.0,-100.0,-100.0,-64.0,-100.0,-47,-100.0,-65.0,-100,-44.0,-69.0,-69,-100.0,-100.0,-100.0,-100.0,7
-100.0,-100.0,-55.0,-100.0,-100.0,-100.0,-100.0,-64,-100.0,-100.0,-100,-100.0,-71.0,-70,-67.0,-100.0,-100.0,-100.0,7
-47.0,-100.0,-100.0,-100.0,-100.0,-100.0,-37.0,-54,-100.0,-100.0,-100,-100.0,-100.0,-100,-100.0,-100.0,-100.0,-100.0,12
-100.0,-100.0,-54.0,-100.0,-75.0,-49.0,-100.0,-61,-100.0,-100.0,-72,-100.0,-100.0,-100,-100.0,-100.0,-100.0,-100.0,4
-100.0,-72.0,-66.0,-100.0,-100.0,-100.0,-100.0,-46,-100.0,-64.0,-64,-100.0,-62.0,-62,-100.0,-100.0,-100.0,-100.0,7
-100.0,-100.0,-64.0,-100.0,-51.0,-100.0,-100.0,-50,-100.0,-46.0,-48,-100.0,-46.0,-49,-73.0,-100.0,-100.0,-84.0,10
-100.0,-100.0,-100.0,-100.0,-100.0,-100.0,-100.0,-60,-100.0,-35.0,-36,-100.0,-37.0,-37,-70.0,-100.0,-100.0,-64.0,11
-100.0,-100.0,-71.0,-100.0,-100.0,-100.0,-100.0,-51,-100.0,-100.0,-100,-100.0,-68.0,-100,-68.0,-100.0,-100.0,-100.0,9
-66.0,-100.0,-71.0,-100.0,-100.0,-100.0,-68.0,-51,-100.0,-100.0,-100,-100.0,-100.0,-69,-75.0,-100.0,-100.0,-100.0,13
-100.0,-100.0,-100.0,-100.0,-100.0,-100.0,-67.0,-58,-100.0,-100.0,-100,-100.0,-100.0,-72,-69.0,-100.0,-100.0,-100.0,13
-100.0,-100.0,-100.0,-100.0,-51.0,-100.0,-100.0,-52,-100.0,-46.0,-50,-100.0,-47.0,-51,-72.0,-100.0,-100.0,-76.0,11
-100.0,-100.0,-69.0,-100.0,-100.0,-100.0,-100.0,-57,-74.0,-100.0,-100,-57.0,-100.0,-69,-76.0,-86.0,-100.0,-100.0,6
-100.0,-100.0,-100.0,-100.0,-100.0,-100.0,-100.0,-54,-100.0,-62.0,-61,-100.0,-63.0,-100,-68.0,-100.0,-100.0,-100.0,9
-51.0,-100.0,-100.0,-100.0,-100.0,-100.0,-100.0,-57,-100.0,-100.0,-100,-100.0,-100.0,-70,-73.0,-100.0,-100.0,-100.0,12
-100.0,-66.0,-100.0,-100.0,-100.0,-51.0,-100.0,-66,-100.0,-71.0,-69,-43.0,-72.0,-70,-100.0,-100.0,-100.0,-100.0,4
-100.0,-100.0,-59.0,-100.0,-100.0,-100.0,-64.0,-51,-100.0,-100.0,-100,-100.0,-62.0,-100,-66.0,-100.0,-100.0,-100.0,13
-100.0,-100.0,-100.0,-100.0,-100.0,-100.0,-100.0,-68,-100.0,-100.0,-100,-100.0,-82.0,-100,-100.0,-100.0,-100.0,-100.0,6
-100.0,-81.0,-71.0,-100.0,-100.0,-100.0,-100.0,-71,-100.0,-79.0,-100,-100.0,-80.0,-100,-100.0,-100.0,-100.0,-100.0,6
-73.0,-100.0,-100.0,-100.0,-60.0,-100.0,-100.0,-51,-100.0,-55.0,-53,-100.0,-56.0,-55,-100.0,-100.0,-100.0,-100.0,10
-74.0,-100.0,-65.0,-100.0,-63.0,-100.0,-100.0,-47,-100.0,-53.0,-51,-62.0,-54.0,-56,-71.0,-100.0,-100.0,-100.0,10
-47.0,-100.0,-100.0,-100.0,-100.0,-100.0,-53.0,-49,-100.0,-100.0,-100,-100.0,-100.0,-75,-100.0,-100.0,-100.0,-100.0,12
-100.0,-64.0,-67.0,-100.0,-100.0,-49.0,-100.0,-70,-69.0,-100.0,-100,-43.0,-100.0,-100,-100.0,-100.0,-100.0,-100.0,4
-100.0,-69.0,-64.0,-100.0,-100.0,-55.0,-100.0,-100,-70.0,-100.0,-100,-100.0,-72.0,-72,-100.0,-100.0,-100.0,-100.0,4
-52.0,-100.0,-73.0,-100.0,-100.0,-100.0,-100.0,-59,-100.0,-100.0,-100,-100.0,-100.0,-100,-71.0,-100.0,-100.0,-100.0,12
-88.0,-100.0,-100.0,-100.0,-100.0,-100.0,-100.0,-67,-88.0,-100.0,-77,-65.0,-100.0,-75,-100.0,-100.0,-100.0,-100.0,6
-100.0,-100.0,-100.0,-100.0,-56.0,-100.0,-100.0,-52,-100.0,-45.0,-46,-66.0,-46.0,-46,-71.0,-100.0,-100.0,-74.0,11
-100.0,-73.0,-74.0,-100.0,-100.0,-100.0,-100.0,-69,-77.0,-100.0,-100,-52.0,-100.0,-100,-100.0,-100.0,-100.0,-100.0,6
-100.0,-66.0,-61.0,-100.0,-100.0,-59.0,-100.0,-56,-100.0,-66.0,-68,-100.0,-67.0,-100,-100.0,-100.0,-100.0,-100.0,4
-74.0,-100.0,-77.0,-100.0,-100.0,-100.0,-100.0,-53,-100.0,-59.0,-60,-100.0,-59.0,-60,-70.0,-100.0,-100.0,-100.0,9
-100.0,-100.0,-69.0,-100.0,-100.0,-65.0,-100.0,-60,-100.0,-70.0,-68,-100.0,-71.0,-70,-100.0,-100.0,-100.0,-100.0,7
-100.0,-100.0,-100.0,-100.0,-77.0,-100.0,-100.0,-53,-100.0,-100.0,-100,-100.0,-100.0,-100,-58.0,-100.0,-100.0,-100.0,9
-100.0,-68.0,-73.0,-100.0,-100.0,-100.0,-100.0,-64,-100.0,-72.0,-100,-100.0,-64.0,-100,-73.0,-100.0,-100.0,-100.0,7
-100.0,-100.0,-100.0,-100.0,-64.0,-100.0,-100.0,-48,-100.0,-52.0,-52,-100.0,-52.0,-53,-72.0,-100.0,-100.0,-73.0,11
-100.0,-69.0,-69.0,-100.0,-100.0,-100.0,-100.0,-58,-100.0,-68.0,-65,-100.0,-100.0,-100,-100.0,-100.0,-100.0,-100.0,7
-47.0,-100.0,-100.0,-100.0,-100.0,-100.0,-46.0,-54,-100.0,-100.0,-100,-100.0,-100.0,-100,-100.0,-100.0,-100.0,-100.0,12
-100.0,-100.0,-56.0,-100.0,-100.0,-100.0,-100.0,-55,-100.0,-59.0,-100,-100.0,-58.0,-100,-100.0,-100.0,-100.0,-100.0,7
-100.0,-100.0,-100.0,-78.0,-72.0,-100.0,-100.0,-49,-100.0,-100.0,-100,-100.0,-60.0,-61,-100.0,-100.0,-100.0,-100.0,9
-100.0,-76.0,-74.0,-100.0,-100.0,-100.0,-100.0,-55,-100.0,-69.0,-100,-60.0,-69.0,-100,-100.0,-100.0,-100.0,-100.0,7
-72.0,-100.0,-61.0,-100.0,-60.0,-100.0,-100.0,-46,-100.0,-100.0,-53,-100.0,-100.0,-51,-64.0,-100.0,-100.0,-100.0,10
-100.0,-75.0,-63.0,-100.0,-100.0,-100.0,-100.0,-50,-100.0,-69.0,-71,-100.0,-67.0,-100,-100.0,-100.0,-100.0,-100.0,7
-100.0,-100.0,-59.0,-100.0,-61.0,-100.0,-100.0,-48,-100.0,-100.0,-100,-61.0,-50.0,-51,-100.0,-100.0,-100.0,-100.0,10
-100.0,-100.0,-77.0,-100.0,-100.0,-100.0,-100.0,-89,-100.0,-100.0,-81,-100.0,-100.0,-77,-85.0,-100.0,-100.0,-100.0,6
-100.0,-100.0,-69.0,-100.0,-100.0,-100.0,-100.0,-45,-100.0,-100.0,-55,-100.0,-100.0,-55,-55.0,-100.0,-100.0,-100.0,9
-100.0,-100.0,-100.0,-100.0,-48.0,-100.0,-100.0,-56,-100.0,-100.0,-100,-61.0,-63.0,-58,-74.0,-100.0,-100.0,-81.0,11
-100.0,-100.0,-63.0,-100.0,-100.0,-100.0,-58.0,-45,-100.0,-100.0,-100,-100.0,-100.0,-100,-59.0,-100.0,-100.0,-100.0,13
-60.0,-100.0,-100.0,-100.0,-100.0,-100.0,-60.0,-54,-100.0,-100.0,-100,-100.0,-73.0,-100,-65.0,-100.0,-100.0,-100.0,13
-41.0,-100.0,-100.0,-100.0,-100.0,-100.0,-45.0,-54,-100.0,-73.0,-73,-100.0,-100.0,-100,-73.0,-100.0,-100.0,-100.0,12
-47.0,-100.0,-100.0,-100.0,-100.0,-100.0,-49.0,-60,-100.0,-100.0,-100,-100.0,-100.0,-100,-100.0,-100.0,-100.0,-100.0,12
-100.0,-72.0,-100.0,-100.0,-100.0,-100.0,-100.0,-73,-100.0,-100.0,-73,-100.0,-100.0,-73,-100.0,-100.0,-100.0,-100.0,6
-100.0,-100.0,-100.0,-100.0,-100.0,-100.0,-100.0,-50,-100.0,-58.0,-100,-100.0,-61.0,-100,-64.0,-100.0,-100.0,-100.0,9
-100.0,-100.0,-61.0,-100.0,-67.0,-100.0,-100.0,-46,-100.0,-55.0,-100,-100.0,-53.0,-100,-73.0,-100.0,-100.0,-100.0,10
-70.0,-100.0,-100.0,-100.0,-100.0,-100.0,-55.0,-48,-100.0,-100.0,-72,-100.0,-100.0,-100,-72.0,-100.0,-100.0,-100.0,13
-100.0,-100.0,-100.0,-100.0,-47.0,-100.0,-100.0,-52,-100.0,-49.0,-50,-100.0,-49.0,-50,-76.0,-100.0,-100.0,-100.0,11
-100.0,-67.0,-62.0,-100.0,-100.0,-100.0,-100.0,-55,-100.0,-69.0,-68,-100.0,-67.0,-68,-70.0,-100.0,-100.0,-100.0,7
-100.0,-100.0,-100.0,-100.0,-54.0,-100.0,-100.0,-48,-100.0,-51.0,-50,-59.0,-100.0,-100,-100.0,-100.0,-100.0,-100.0,11
-51.0,-100.0,-100.0,-100.0,-100.0,-100.0,-49.0,-61,-100.0,-100.0,-72,-100.0,-100.0,-74,-100.0,-100.0,-100.0,-100.0,12
-56.0,-100.0,-62.0,-100.0,-100.0,-100.0,-54.0,-51,-100.0,-100.0,-100,-100.0,-100.0,-66,-100.0,-100.0,-100.0,-100.0,13
-100.0,-100.0,-100.0,-100.0,-56.0,-100.0,-100.0,-59,-100.0,-54.0,-53,-100.0,-53.0,-54,-69.0,-100.0,-100.0,-100.0,11
-73.0,-100.0,-70.0,-100.0,-100.0,-100.0,-100.0,-44,-100.0,-54.0,-54,-100.0,-72.0,-55,-63.0,-100.0,-100.0,-100.0,10
-76.0,-100.0,-72.0,-100.0,-76.0,-100.0,-100.0,-46,-100.0,-100.0,-100,-100.0,-59.0,-61,-59.0,-100.0,-100.0,-100.0,9
-100.0,-100.0,-73.0,-77.0,-100.0,-100.0,-100.0,-48,-100.0,-100.0,-100,-100.0,-100.0,-100,-57.0,-100.0,-100.0,-100.0,9
-70.0,-100.0,-66.0,-100.0,-100.0,-100.0,-100.0,-48,-100.0,-59.0,-59,-100.0,-57.0,-68,-56.0,-100.0,-100.0,-100.0,9
-61.0,-100.0,-66.0,-100.0,-100.0,-100.0,-52.0,-54,-100.0,-100.0,-100,-100.0,-100.0,-100,-100.0,-100.0,-100.0,-100.0,13
-100.0,-100.0,-100.0,-100.0,-58.0,-100.0,-100.0,-76,-100.0,-44.0,-44,-100.0,-43.0,-44,-71.0,-100.0,-100.0,-75.0,11
-100.0,-100.0,-100.0,-100.0,-62.0,-100.0,-100.0,-51,-100.0,-53.0,-50,-100.0,-51.0,-52,-100.0,-100.0,-100.0,-75.0,10
-100.0,-54.0,-56.0,-100.0,-100.0,-59.0,-100.0,-64,-100.0,-76.0,-73,-38.0,-76.0,-100,-100.0,-100.0,-100.0,-100.0,4
-75.0,-100.0,-100.0,-100.0,-54.0,-100.0,-100.0,-51,-100.0,-50.0,-49,-100.0,-48.0,-49,-68.0,-100.0,-100.0,-100.0,10
-100.0,-100.0,-100.0,-100.0,-48.0,-100.0,-100.0,-53,-100.0,-100.0,-48,-100.0,-100.0,-48,-72.0,-100.0,-100.0,-100.0,11
-100.0,-75.0,-70.0,-100.0,-100.0,-100.0,-100.0,-65,-73.0,-100.0,-100,-100.0,-76.0,-74,-78.0,-100.0,-100.0,-100.0,7
-76.0,-100.0,-56.0,-100.0,-58.0,-100.0,-100.0,-53,-100.0,-56.0,-54,-60.0,-100.0,-53,-69.0,-100.0,-100.0,-100.0,10
-63.0,-100.0,-69.0,-100.0,-100.0,-100.0,-54.0,-49,-100.0,-100.0,-100,-100.0,-100.0,-100,-69.0,-100.0,-100.0,-100.0,13
-52.0,-100.0,-100.0,-100.0,-82.0,-100.0,-56.0,-57,-100.0,-100.0,-100,-100.0,-100.0,-73,-100.0,-100.0,-100.0,-100.0,12
-100.0,-100.0,-100.0,-100.0,-83.0,-100.0,-100.0,-47,-100.0,-59.0,-63,-100.0,-100.0,-100,-57.0,-100.0,-100.0,-100.0,9
-100.0,-100.0,-55.0,-100.0,-100.0,-54.0,-100.0,-63,-100.0,-74.0,-77,-41.0,-76.0,-75,-100.0,-100.0,-100.0,-100.0,4
-100.0,-100.0,-100.0,-100.0,-50.0,-100.0,-100.0,-44,-100.0,-100.0,-100,-100.0,-50.0,-49,-69.0,-100.0,-100.0,-100.0,11
-100.0,-100.0,-66.0,-100.0,-64.0,-100.0,-100.0,-48,-100.0,-100.0,-50,-100.0,-50.0,-48,-69.0,-100.0,-100.0,-100.0,10
-100.0,-73.0,-71.0,-100.0,-100.0,-100.0,-100.0,-57,-100.0,-71.0,-69,-66.0,-72.0,-69,-72.0,-100.0,-100.0,-100.0,7
-62.0,-100.0,-100.0,-100.0,-100.0,-100.0,-54.0,-57,-100.0,-100.0,-100,-100.0,-100.0,-100,-75.0,-100.0,-100.0,-100.0,13
-100.0,-70.0,-56.0,-100.0,-100.0,-65.0,-100.0,-63,-100.0,-76.0,-100,-100.0,-75.0,-73,-100.0,-100.0,-100.0,-100.0,4
-100.0,-100.0,-58.0,-100.0,-64.0,-100.0,-100.0,-51,-100.0,-49.0,-48,-68.0,-50.0,-51,-66.0,-100.0,-100.0,-100.0,10
-100.0,-62.0,-53.0,-100.0,-100.0,-46.0,-100.0,-61,-100.0,-71.0,-70,-39.0,-71.0,-71,-100.0,-100.0,-100.0,-100.0,4
-100.0,-100.0,-100.0,-100.0,-100.0,-100.0,-100.0,-51,-100.0,-100.0,-100,-100.0,-67.0,-100,-59.0,-100.0,-100.0,-100.0,13
-100.0,-100.0,-100.0,-100.0,-51.0,-100.0,-100.0,-72,-100.0,-50.0,-51,-100.0,-49.0,-46,-100.0,-100.0,-100.0,-100.0,11
-100.0,-100.0,-62.0,-100.0,-66.0,-100.0,-100.0,-49,-100.0,-63.0,-100,-100.0,-100.0,-100,-100.0,-100.0,-100.0,-100.0,10
-72.0,-100.0,-100.0,-100.0,-100.0,-100.0,-100.0,-52,-100.0,-55.0,-54,-100.0,-100.0,-100,-64.0,-100.0,-100.0,-100.0,9
-62.0,-100.0,-100.0,-100.0,-100.0,-100.0,-64.0,-56,-100.0,-100.0,-73,-100.0,-100.0,-74,-100.0,-100.0,-100.0,-100.0,12
-67.0,-100.0,-58.0,-100.0,-100.0,-100.0,-100.0,-46,-100.0,-57.0,-54,-100.0,-57.0,-68,-66.0,-100.0,-100.0,-100.0,10
-70.0,-100.0,-82.0,-100.0,-100.0,-100.0,-100.0,-48,-100.0,-100.0,-100,-100.0,-57.0,-100,-56.0,-100.0,-100.0,-100.0,9
-57.0,-100.0,-100.0,-100.0,-79.0,-100.0,-56.0,-63,-100.0,-73.0,-72,-100.0,-100.0,-72,-100.0,-100.0,-100.0,-100.0,12
-100.0,-100.0,-100.0,-100.0,-100.0,-100.0,-81.0,-46,-100.0,-55.0,-54,-100.0,-53.0,-100,-100.0,-100.0,-100.0,-100.0,9
-75.0,-100.0,-54.0,-100.0,-62.0,-100.0,-100.0,-51,-100.0,-54.0,-52,-100.0,-52.0,-53,-68.0,-100.0,-100.0,-79.0,10
-100.0,-62.0,-67.0,-100.0,-100.0,-51.0,-100.0,-60,-100.0,-100.0,-100,-45.0,-72.0,-74,-100.0,-100.0,-100.0,-100.0,4
-100.0,-100.0,-100.0,-100.0,-46.0,-100.0,-100.0,-58,-100.0,-49.0,-49,-100.0,-49.0,-48,-100.0,-100.0,-100.0,-88.0,11
-69.0,-100.0,-57.0,-100.0,-100.0,-100.0,-100.0,-47,-100.0,-55.0,-56,-100.0,-54.0,-54,-67.0,-100.0,-100.0,-100.0,10
-100.0,-100.0,-100.0,-100.0,-60.0,-100.0,-100.0,-49,-100.0,-46.0,-46,-100.0,-44.0,-45,-66.0,-100.0,-100.0,-78.0,11
-100.0,-68.0,-59.0,-100.0,-100.0,-62.0,-100.0,-60,-100.0,-71.0,-71,-44.0,-70.0,-70,-100.0,-100.0,-100.0,-100.0,7
-100.0,-100.0,-68.0,-100.0,-100.0,-100.0,-100.0,-71,-77.0,-100.0,-73,-100.0,-100.0,-73,-100.0,-100.0,-100.0,-100.0,6
-100.0,-100.0,-59.0,-100.0,-100.0,-100.0,-66.0,-46,-100.0,-100.0,-100,-100.0,-100.0,-63,-100.0,-100.0,-100.0,-100.0,13
-100.0,-81.0,-100.0,-100.0,-100.0,-100.0,-100.0,-75,-87.0,-100.0,-81,-100.0,-100.0,-100,-100.0,-100.0,-100.0,-100.0,6
-100.0,-100.0,-100.0,-100.0,-100.0,-100.0,-57.0,-58,-100.0,-100.0,-100,-100.0,-100.0,-100,-100.0,-100.0,-100.0,-100.0,13
-100.0,-73.0,-68.0,-100.0,-100.0,-65.0,-100.0,-64,-73.0,-69.0,-78,-48.0,-66.0,-67,-100.0,-100.0,-100.0,-100.0,7
-58.0,-100.0,-77.0,-100.0,-100.0,-100.0,-52.0,-55,-100.0,-100.0,-100,-100.0,-100.0,-100,-100.0,-100.0,-100.0,-100.0,13
-100.0,-100.0,-100.0,-100.0,-51.0,-100.0,-100.0,-54,-100.0,-46.0,-46,-100.0,-45.0,-45,-100.0,-100.0,-100.0,-100.0,11
-100.0,-100.0,-78.0,-100.0,-72.0,-100.0,-100.0,-53,-100.0,-56.0,-60,-100.0,-59.0,-58,-69.0,-100.0,-100.0,-100.0,9
-100.0,-100.0,-71.0,-100.0,-100.0,-100.0,-88.0,-65,-100.0,-72.0,-100,-52.0,-72.0,-71,-73.0,-100.0,-100.0,-100.0,6
-100.0,-100.0,-100.0,-100.0,-100.0,-100.0,-47.0,-52,-100.0,-100.0,-100,-100.0,-100.0,-100,-100.0,-100.0,-100.0,-100.0,12
-47.0,-100.0,-100.0,-100.0,-100.0,-100.0,-51.0,-58,-100.0,-80.0,-100,-100.0,-100.0,-100,-100.0,-100.0,-100.0,-100.0,12
-64.0,-100.0,-62.0,-100.0,-63.0,-100.0,-100.0,-51,-100.0,-52.0,-100,-100.0,-50.0,-100,-63.0,-100.0,-100.0,-100.0,10
-100.0,-73.0,-74.0,-100.0,-100.0,-100.0,-100.0,-73,-100.0,-72.0,-100,-100.0,-74.0,-100,-76.0,-100.0,-100.0,-100.0,6
-100.0,-56.0,-52.0,-100.0,-100.0,-48.0,-100.0,-74,-100.0,-100.0,-100,-100.0,-100.0,-100,-100.0,-100.0,-100.0,-100.0,4
-70.0,-100.0,-67.0,-100.0,-100.0,-100.0,-55.0,-48,-100.0,-100.0,-100,-100.0,-66.0,-100,-70.0,-100.0,-100.0,-100.0,13
-66.0,-100.0,-59.0,-100.0,-100.0,-100.0,-58.0,-49,-100.0,-100.0,-100,-100.0,-67.0,-100,-65.0,-100.0,-100.0,-100.0,13
-53.0,-100.0,-100.0,-100.0,-100.0,-100.0,-48.0,-59,-100.0,-70.0,-100,-100.0,-100.0,-100,-73.0,-100.0,-100.0,-100.0,12
-56.0,-100.0,-100.0,-100.0,-100.0,-100.0,-55.0,-57,-100.0,-76.0,-74,-100.0,-100.0,-73,-100.0,-100.0,-100.0,-100.0,12
-100.0,-68.0,-53.0,-100.0,-70.0,-100.0,-100.0,-62,-100.0,-73.0,-70,-48.0,-70.0,-70,-100.0,-100.0,-100.0,-100.0,4
-55.0,-100.0,-100.0,-100.0,-100.0,-100.0,-58.0,-59,-100.0,-75.0,-76,-100.0,-100.0,-75,-78.0,-100.0,-100.0,-100.0,12
-52.0,-100.0,-100.0,-100.0,-100.0,-100.0,-52.0,-57,-100.0,-100.0,-100,-100.0,-100.0,-74,-100.0,-100.0,-100.0,-100.0,12
-100.0,-68.0,-50.0,-100.0,-100.0,-53.0,-100.0,-52,-100.0,-64.0,-65,-100.0,-65.0,-63,-69.0,-100.0,-100.0,-100.0,7
